Episode,Score,Average Score,batch_size
1,-403.91897914852564,,64
2,-320.9222117297429,,64
3,-736.0553570244091,,64
4,-1117.4170728887138,,64
5,-299.718794977199,,64
6,-209.1001562484202,,64
7,-445.9254836679071,,64
8,-160.6690832867251,,64
9,-189.5064684338152,,64
10,-17.40066921130368,,64
11,-364.9915364668523,,64
12,-672.7197798697571,,64
13,-586.9523885729232,,64
14,-114.03503959745228,,64
15,19.663199493795517,,64
16,-8.940080685993138,,64
17,-145.59427782847405,,64
18,-478.12433930177815,,64
19,-546.9016004634383,,64
20,-394.1299342432118,,64
21,-176.54460219418235,,64
22,-468.3818736171973,,64
23,-254.8942263666803,,64
24,-350.83766490154665,,64
25,-356.5712813786702,,64
26,-271.15384903259894,,64
27,-271.3332353423833,,64
28,-89.52174024695181,,64
29,-129.1721278923441,,64
30,-169.4134329734562,,64
31,-141.12507688852247,,64
32,-130.29361142042092,,64
33,-222.98480683569628,,64
34,-155.09151152510265,,64
35,-132.31620598094514,,64
36,-174.20436819599593,,64
37,-149.35589452494298,,64
38,-166.24041090522798,,64
39,-170.43849811719448,,64
40,-201.33664939757895,,64
41,-183.47223052943522,,64
42,-90.14540604575843,,64
43,-102.54146959253643,,64
44,-82.36706801464024,,64
45,-87.44528485935314,,64
46,-53.67821358210623,,64
47,-83.46056036102206,,64
48,-61.86275013616587,,64
49,-177.36071014229634,,64
50,-160.6716409539936,,64
51,-140.8259652666616,,64
52,-212.51846005153283,,64
53,-49.47841914061623,,64
54,-8.609881153011255,,64
55,-121.65533679547866,,64
56,-39.49402297667605,,64
57,-51.36328586967705,,64
58,-92.28286810971035,,64
59,-97.60552097768125,,64
60,-84.3924716448896,,64
61,-81.25253274926274,,64
62,-79.55403127817094,,64
63,-41.38374699990833,,64
64,-84.85459066991402,,64
65,-75.75396808669117,,64
66,-37.16559945837943,,64
67,-126.49612912000495,,64
68,-88.34538282518317,,64
69,-108.23368445222586,,64
70,-45.99044354021555,,64
71,-100.93845395690076,,64
72,-77.55251103045822,,64
73,-145.75564818677324,,64
74,-121.82697758525381,,64
75,-163.10233397472066,,64
76,-110.32768013504865,,64
77,-159.92876613253978,,64
78,-126.75810967268812,,64
79,-161.30796194187067,,64
80,-56.96928364602172,,64
81,-74.43075006457167,,64
82,-105.7350262241192,,64
83,-178.28562170102592,,64
84,-83.5734651713835,,64
85,-81.7358338423143,,64
86,-142.7173785668284,,64
87,-69.64994062104199,,64
88,-57.57010463905588,,64
89,-23.209209585885777,,64
90,-62.041962668523894,,64
91,-68.0960376492052,,64
92,-65.08211120740702,,64
93,-87.76145661089642,,64
94,-71.38274554596474,,64
95,-117.95887255894876,,64
96,-53.21851875803999,,64
97,-50.7269248358559,,64
98,-36.19080684109911,,64
99,-138.7297065887811,,64
100,-78.13319828881507,-169.95530195505722,64
101,-82.20344727690754,-166.73814663634104,64
102,-82.91360903920288,-164.35806060943568,64
103,-65.1158418059664,-157.6486654572512,64
104,-327.2715650401496,-149.74721037876557,64
105,-63.52250466607286,-147.3852474756543,64
106,-468.95125361841065,-149.9837584493542,64
107,-188.80419440321978,-147.41254555670733,64
108,-364.0180012209246,-149.44603473604934,64
109,-75.32889750662886,-148.30425902677746,64
110,-39.735882377858196,-148.52761115844302,64
111,-305.857841096734,-147.93627420474184,64
112,-61.84905878971521,-141.82756699394145,64
113,-56.04586430904373,-136.51850175130267,64
114,-87.00884001364186,-136.24823975546454,64
115,-36.051521713782215,-136.8053869675403,64
116,-93.06095379577171,-137.6465956986381,64
117,-27.821690222193368,-136.46886982257527,64
118,-131.40464402667115,-133.00167286982423,64
119,-26.384982238773148,-127.79650668757759,64
120,-4.337389854307152,-123.89858124368851,64
121,-19.121710150139407,-122.32435232324809,64
122,-13.680201090251682,-117.77733559797863,64
123,-37.091037587019464,-115.59930371018201,64
124,-19.673352106887897,-112.28766058223542,64
125,-6.2105518190462625,-108.78405328663919,64
126,-52.85340770978337,-106.60104887341102,64
127,-2.757506903527338,-103.91529158902246,64
128,-39.391177092188265,-103.41398595747482,64
129,-70.38453309263457,-102.82611000947773,64
130,-56.9212558698159,-101.70118823844132,64
131,-19.17900776591792,-100.4817275472153,64
132,6.6488301646810335,-99.11230313136429,64
133,9.852334627808759,-96.78393171672923,64
134,-249.84892891208983,-97.73150589059911,64
135,7.450356235015335,-96.3338402684395,64
136,-126.03981353699841,-95.85219472184954,64
137,41.70801872192525,-93.94155558938083,64
138,2.7035419057563828,-92.25211606127101,64
139,-17.754097032997624,-90.72527205042903,64
140,21.733802662565836,-88.4945675298276,64
141,-54.28310403938104,-87.20267626492705,64
142,-62.724282780855155,-86.928465032278,64
143,-150.12369132693095,-87.40428724962196,64
144,-77.61955040635131,-87.35681207353906,64
145,-139.84467182220234,-87.88080594316756,64
146,-225.7222370044811,-89.60124617739132,64
147,-209.54143867332618,-90.86205496051434,64
148,-37.91415491868613,-90.62256900833954,64
149,-88.87902291715102,-89.7377521360881,64
150,-81.1199362844301,-88.94223508939248,64
151,-87.14824096499655,-88.40545784637582,64
152,-33.14818382560409,-86.61175508411652,64
153,-250.3613215803861,-88.62058410851421,64
154,-123.43293982996647,-89.76881469528377,64
155,-135.56295870414738,-89.90789091437045,64
156,-248.2205577107451,-91.99515626171114,64
157,-237.81815162860454,-93.85970491930043,64
158,-178.58081856760322,-94.72268442387934,64
159,-171.94410123647242,-95.46607022646727,64
160,-115.43488687532425,-95.7764943787716,64
161,-290.8276318358638,-97.87224536963762,64
162,-242.4011728176974,-99.5007167850329,64
163,-139.947311248912,-100.48635242752293,64
164,-54.0339527156293,-100.17814604798006,64
165,-79.40863127096155,-100.21469267982276,64
166,-193.6591668819915,-101.77962835405891,64
167,-96.0360425894066,-101.47502748875291,64
168,-99.77309183748663,-101.58930457887597,64
169,-14.584815018543226,-100.65281588453912,64
170,-99.22525397327975,-101.18516398886977,64
171,-274.8506533946654,-102.92428598324743,64
172,-6.343133442381653,-102.21219220736666,64
173,-84.44856493587763,-101.59912137485772,64
174,-54.89862825229456,-100.92983788152812,64
175,-101.07328826837575,-100.30954742446465,64
176,-36.31004900566132,-99.56937111317079,64
177,-75.70986407302625,-98.72718209257565,64
178,-20.827085334996386,-97.66787184919873,64
179,-15.78741324399303,-96.21266636221998,64
180,-60.19031214653894,-96.24487664722511,64
181,-105.09035668972757,-96.55147271347668,64
182,-54.05295561611215,-96.03465200739662,64
183,-4.668742976958535,-94.29848322015594,64
184,-70.91359234190658,-94.17188449186118,64
185,-73.89486366450016,-94.09347479008304,64
186,-85.61563165332541,-93.52245732094802,64
187,-79.7473819240785,-93.62343173397836,64
188,-31.74908565339276,-93.36522154412172,64
189,-18.99652502576914,-93.32309469852056,64
190,130.86706708185432,-91.39400440101679,64
191,-44.57145436676477,-91.15875856819238,64
192,169.17353897463238,-88.81620206637199,64
193,-100.87777049913278,-88.94736520525437,64
194,-86.09986741471128,-89.09453642394183,64
195,-12.10661875251004,-88.03601388587744,64
196,-61.85900824015087,-88.12241878069854,64
197,93.66138351846877,-86.67853569715527,64
198,-5.3441135227127115,-86.37006876397143,64
199,-32.45056537022575,-85.30727735178587,64
200,161.3164689531223,-82.91278067936649,64
201,-39.35240010722614,-82.48427020766967,64
202,-37.42990501821511,-82.02943316745979,64
203,23.58215888820899,-81.14245316051806,64
204,17.42923654598897,-77.69544514465667,64
205,-25.17118861791547,-77.3119319841751,64
206,-29.816039921401106,-72.920579847205,64
207,-113.8755043113345,-72.17129294628614,64
208,-23.17430157769835,-68.76285594985387,64
209,31.539056860157782,-67.694176406186,64
210,-22.493557104761127,-67.52175315345504,64
211,-37.46008508323,-64.83777559332,64
212,-7.77540968947849,-64.29703910231764,64
213,1.94814198942736,-63.717099039332936,64
214,-75.40664391107536,-63.60107707830727,64
215,-71.74442119662089,-63.95800607313566,64
216,-92.0287276143931,-63.947683811321866,64
217,-48.114253894476384,-64.15060944804469,64
218,-46.44969584934577,-63.30105996627143,64
219,-88.93189297281182,-63.92652907361181,64
220,-100.39824926683733,-64.88713766773712,64
221,-74.61615768685971,-65.44208214310433,64
222,-102.32760327216828,-66.3285561649235,64
223,-73.57901523986258,-66.69343594145192,64
224,-95.12104063135465,-67.4479128266966,64
225,-94.26482791685424,-68.32845558767468,64
226,-66.92762767683314,-68.46919778734518,64
227,-80.57925434018297,-69.24741526171174,64
228,-55.511293065782574,-69.40861642144768,64
229,114.36131799571095,-67.56115791056422,64
230,-89.14062278122721,-67.88335157967833,64
231,-14.819137442993329,-67.83975287644908,64
232,-68.13528024173957,-68.58759398051329,64
233,-42.638677271949845,-69.11250409951089,64
234,-37.26302007407061,-66.98664501113068,64
235,-39.194028838116395,-67.453088861862,64
236,-77.62470052343106,-66.96893773172631,64
237,-55.47198113558265,-67.9407377303014,64
238,-81.48728579962116,-68.78264600735518,64
239,-110.7172513965054,-69.71227755099025,64
240,-45.44082465786966,-70.38402382419461,64
241,-68.41092086617499,-70.52530199246254,64
242,-42.01985873806378,-70.31825775203464,64
243,-64.17246409521564,-69.45874547971748,64
244,-55.08433306502525,-69.23339330630421,64
245,-20.213743438400428,-68.0370840224662,64
246,-75.46774471832406,-66.53453909960463,64
247,-65.44733302182212,-65.0935980430896,64
248,-68.46170875306086,-65.39907358143334,64
249,-20.276330184560855,-64.71304665410744,64
250,-50.78935160796454,-64.40974080734277,64
251,-46.75794627276759,-64.00583786042048,64
252,-0.6133686694040613,-63.68048970885849,64
253,-20.78346960267411,-61.38471118908137,64
254,-31.255801808223502,-60.46293980886393,64
255,-11.601946026074831,-59.223329682083225,64
256,-52.621849638844,-57.267342601364206,64
257,-61.447030800411966,-55.50363139308229,64
258,-12.76575531519661,-53.84548076055821,64
259,-54.19744770067472,-52.66801422520024,64
260,-44.06417031356736,-51.95430705958267,64
261,-57.639588308213185,-49.622426624306165,64
262,-48.30787554267699,-47.681493651555954,64
263,-23.230385800866383,-46.514324397075505,64
264,-44.66842254165229,-46.42066909533573,64
265,-35.70982644825417,-45.98368104710866,64
266,32.13977584090552,-43.72569161987968,64
267,-61.76890800873062,-43.383020274072926,64
268,-26.386154698202365,-42.64915090268008,64
269,7.196737316830211,-42.431335379326356,64
270,170.6665786213935,-39.73241705337962,64
271,-59.88384225736891,-37.58274894200666,64
272,-32.151128350638636,-37.840828891089224,64
273,-38.490804608339914,-37.38125128781385,64
274,9.087046857908588,-36.74139453671182,64
275,-26.55996670654942,-35.996261321093556,64
276,-38.88581037792917,-36.02201893481624,64
277,-56.83888007557037,-35.83330909484167,64
278,48.388442375713126,-35.141153817734576,64
279,7.544395586798635,-34.907835729426665,64
280,-129.82004309376967,-35.604133038898965,64
281,-189.6766962305432,-36.449996434307124,64
282,-54.443008404099835,-36.453896962187,64
283,-187.4521206428259,-38.281730738845674,64
284,-72.35978886257186,-38.29619270405233,64
285,-28.765311586927968,-37.84489718327661,64
286,-88.32002299886422,-37.871941096731994,64
287,-188.60946496484036,-38.96056192713961,64
288,31.9575760249638,-38.323495310356044,64
289,-64.46678471897984,-38.77819790728815,64
290,-49.39374431670469,-40.580806021273744,64
291,-15.35351650607767,-40.28862664266687,64
292,-49.95809746810065,-42.4799430070942,64
293,-64.03645129711852,-42.11152981507406,64
294,-26.423422083983528,-41.514765361766784,64
295,-45.27360086360161,-41.846435182877705,64
296,-89.11807177151682,-42.11902581819136,64
297,-63.370431509208395,-43.68934396846813,64
298,-71.15507307904723,-44.347453564031476,64
299,-149.6166978021006,-45.51911488835022,64
300,-101.53859006985765,-48.14766547858001,64
301,-80.90173777230794,-48.56315885523083,64
302,-113.34718510770695,-49.322331656125755,64
303,-130.62634769760848,-50.864416721983915,64
304,-99.97520366606683,-52.03846112410448,64
305,-54.35572719761738,-52.33030650990149,64
306,-57.13523483849831,-52.60349845907247,64
307,-92.30998569120784,-52.387843272871194,64
308,-65.90528720191918,-52.815153129113426,64
309,-69.63330748698249,-53.82687677258482,64
310,-47.949880475897984,-54.0814400062962,64
311,-65.21097216646325,-54.35894887712851,64
312,-104.59466042167195,-55.32714138445045,64
313,-75.67230477049797,-56.103345852049706,64
314,-109.90671033532338,-56.4483465162922,64
315,-93.24384274465008,-56.663340731772486,64
316,-101.15028857044483,-56.75455634133302,64
317,-90.12380934629708,-57.17465189585122,64
318,-133.01201607459896,-58.04027509810375,64
319,-83.02210923859043,-57.98117726076153,64
320,-117.81796542008885,-58.155374422294045,64
321,-114.45834128806372,-58.55379625830607,64
322,61.00544017154077,-56.92046582386899,64
323,19.272167592823163,-55.99195399554213,64
324,-2.689833579283585,-55.067641925021434,64
325,-11.807435528517383,-54.243068001138056,64
326,-185.8238468242334,-55.43203019261207,64
327,-161.72745267731148,-56.24351217598335,64
328,41.04192227527202,-55.2779800225728,64
329,-42.90571795791222,-56.850650382109045,64
330,-27.51191546499293,-56.2343633089467,64
331,0.1479270807476053,-56.08469266370928,64
332,-111.88896848211449,-56.52222954611303,64
333,5.213296005223981,-56.043709813341295,64
334,-101.0861231880936,-56.681940844481524,64
335,211.70471701043962,-54.17295338599596,64
336,115.75614331368881,-52.239144947624766,64
337,203.08234890017977,-49.653601647267145,64
338,221.23568809670536,-46.62637190830388,64
339,0.1739518203374555,-45.51745987613545,64
340,0.2857917916201096,-45.06019371164056,64
341,-124.50664975196099,-45.621151000498415,64
342,-41.388203621346676,-45.61483444933124,64
343,12.273983926230743,-44.85036996911677,64
344,199.1047676989679,-42.30847896147684,64
345,39.90886379464064,-41.70725288914643,64
346,132.79094077400606,-39.624666034223125,64
347,207.40219041285718,-36.89617079987634,64
348,-172.15102329275996,-37.933063945273325,64
349,-182.69313569149952,-39.557232000342715,64
350,-154.9210492748301,-40.598548977011376,64
351,-103.36744396284757,-41.164643953912176,64
352,-80.51782607931536,-41.96368852801129,64
353,-123.75396184580256,-42.99339345044256,64
354,-124.77067563117122,-43.92854218867203,64
355,-155.40949118547485,-45.36661764026603,64
356,-187.23688186554574,-46.71276796253305,64
357,239.67981429001946,-43.70149951162875,64
358,-129.09449654857713,-44.86478692396255,64
359,-179.02005272270208,-46.11301297418282,64
360,-203.7803742672014,-47.71017501371915,64
361,-250.4617973983466,-49.63839710462051,64
362,-94.25099903930926,-50.09782833958682,64
363,-112.89568640637124,-50.99448134564187,64
364,-120.07857045112945,-51.748582824736644,64
365,-203.4993147288459,-53.42647770754255,64
366,-106.94125049980767,-54.81728797094969,64
367,-116.04401251135225,-55.3600390159759,64
368,-180.03272350068153,-56.896504704000705,64
369,-173.1676451149567,-58.70014852831858,64
370,-146.5402510262218,-61.87221682479472,64
371,-205.31085020093977,-63.32648690423044,64
372,-115.84105476014577,-64.16338616832552,64
373,-137.54099689433926,-65.15388809118551,64
374,-178.3893540395813,-67.0286521001604,64
375,-130.21665737336468,-68.06521900682856,64
376,-169.1581029033378,-69.36794193208263,64
377,-205.7458346159816,-70.85701147748674,64
378,-177.45937971225598,-73.11548969836645,64
379,-190.615504649761,-75.09708870073203,64
380,-142.74460459991528,-75.22633431579348,64
381,-115.28693934727514,-74.48243674696079,64
382,-174.4296587878982,-75.68230325079877,64
383,-221.13161714191418,-76.01909821578965,64
384,-208.07117417101767,-77.37621206887412,64
385,-182.37870484068594,-78.91234600141169,64
386,-171.8820144035143,-79.74796591545821,64
387,-129.9148694526119,-79.16101996033592,64
388,-220.20705590470072,-81.68266627963257,64
389,-232.60981612609103,-83.36409659370369,64
390,-102.16471396060092,-83.89180629014265,64
391,-114.7683905700548,-84.88595503078241,64
392,-92.38365896770432,-85.31021064577844,64
393,-146.77932699010375,-86.1376394027083,64
394,-180.62394402918557,-87.67964462216031,64
395,-178.55678229251035,-89.01247643644939,64
396,-172.01434709499782,-89.8414391896842,64
397,-151.10524284494096,-90.71878730304152,64
398,-149.65775676942437,-91.50381413994529,64
399,-100.17726812984691,-91.00941984322277,64
400,-165.40610741540462,-91.64809501667825,64
401,-245.48723923706126,-93.29395003132578,64
402,-46.88431630412982,-92.62932134329003,64
403,-136.83213920614554,-92.6913792583754,64
404,12.2211546588928,-91.56941567512578,64
405,295.79839608184363,-88.06787444233117,64
406,-44.24568912075959,-87.93897898515381,64
407,-37.77418924621501,-87.39362102070386,64
408,-214.40675478859293,-88.8786356965706,64
409,-49.420870550256936,-88.67651132720336,64
410,-40.80526444023976,-88.60506516684676,64
411,-25.104311135693642,-88.20399855653908,64
412,-56.48395053107108,-87.72289145763307,64
413,-7.018620852875316,-87.03635461845684,64
414,29.453209236834965,-85.64275542273526,64
415,289.4828307965679,-81.81548868732308,64
416,-90.0586765374492,-81.70457256699311,64
417,-59.40989829363857,-81.39743345646653,64
418,66.25799558803396,-79.40473333984019,64
419,-88.1705049323411,-79.45621729677771,64
420,-76.3368909282951,-79.04140655185978,64
421,-81.98705706478499,-78.716693709627,64
422,-72.69378637292921,-80.05368597507169,64
423,281.23838184283187,-77.43402383257161,64
424,-32.36755380200654,-77.73080103479883,64
425,278.9893216148226,-74.82283346336543,64
426,-113.6260547222539,-74.10085554234563,64
427,178.5605588205316,-70.6979754273672,64
428,-51.871273787953385,-71.62710738799946,64
429,-48.0485097900113,-71.67853530632044,64
430,-9.940052501037277,-71.50281667668088,64
431,191.87057428357394,-69.58559020465263,64
432,-114.12020966550541,-69.60790261648654,64
433,-98.18751283041055,-70.64191070484289,64
434,-36.333177201854376,-69.9943812449805,64
435,-34.19874208987602,-72.45341583598365,64
436,12.676280237859388,-73.48421446674195,64
437,223.4072208629258,-73.28096574711448,64
438,-74.78108581270892,-76.24113348620861,64
439,-129.28796567471937,-77.53575266115918,64
440,-139.76074732000814,-78.93621805227548,64
441,30.28774052825966,-77.38827414947326,64
442,15.406786880481263,-76.82032424445498,64
443,141.38261892268568,-75.52923789449044,64
444,-108.37362566997689,-78.6040218281799,64
445,227.05627291492266,-76.73254773697707,64
446,-98.81779187144785,-79.04863506343162,64
447,-199.6307183521779,-83.11896415108197,64
448,175.22702488935238,-79.64518366926085,64
449,-34.345436798742014,-78.16170668033325,64
450,-260.6822576621581,-79.21931876420653,64
451,-13.7964562368997,-78.32360888694706,64
452,29.815737326235393,-77.22027325289154,64
453,227.74589568401137,-73.70527467759342,64
454,-32.05139659822876,-72.778081887264,64
455,225.904830647771,-68.96493866893154,64
456,195.04221450625855,-65.14214770521349,64
457,-26.536011308847748,-67.80430596120216,64
458,151.09655993396598,-65.00239539637673,64
459,52.21926026996701,-62.69000226645004,64
460,231.2099508632515,-58.340099015145505,64
461,222.2235977411815,-53.61324506375022,64
462,266.11208656500435,-50.00961420770709,64
463,225.20467551908672,-46.62861058845251,64
464,226.89735721354214,-43.158851311805805,64
465,192.95841488701785,-39.19427401564716,64
466,179.23092003392242,-36.332552310309865,64
467,219.54963704392725,-32.976615814757075,64
468,213.40315331454772,-29.04225704660478,64
469,195.28332371918543,-25.35774735826336,64
470,218.34751234072752,-21.708869724593864,64
471,-103.25853729110527,-20.688346595495517,64
472,-85.14498259980553,-20.381385873892114,64
473,171.02557835179758,-17.295720121430744,64
474,241.0986204165309,-13.100840376869623,64
475,144.67012956925754,-10.3519725074434,64
476,-57.82549902544593,-9.238646468664479,64
477,254.91365032568498,-4.632051619247811,64
478,206.58375389193253,-0.7916202832059258,64
479,178.36043364286746,2.8981390997203587,64
480,5.128107891466044,4.376866224634171,64
481,136.75593566656372,6.897294974772559,64
482,259.76191421695125,11.239210704821057,64
483,253.25714560412032,15.983098332281399,64
484,-56.95355148085078,17.49427455918307,64
485,93.00852539251389,20.248146861515064,64
486,266.96390364117815,24.636606041961997,64
487,173.03397980713112,27.666094534559424,64
488,13.615380397944293,30.004318897585872,64
489,148.2259806712435,33.812676865559226,64
490,-217.95260904749802,32.65479791469025,64
491,0.01906632612187309,33.80267248365202,64
492,200.51063242075077,36.73161539753657,64
493,-92.93650706094247,37.27004359682819,64
494,238.69754155577243,41.46325845267776,64
495,190.3989752226259,45.15281602782912,64
496,165.89272408901448,48.531886739669254,64
497,213.66383251850044,52.17957749330367,64
498,215.9652159587876,55.835807220585785,64
499,224.3063343850204,59.080643245734464,64
500,-232.1349895494717,58.413354424393795,64
501,-87.28528886875094,59.99537392807689,64
502,248.01097409364647,62.94432683205466,64
503,-38.476623226306096,63.92788199185305,64
504,-104.60315171703881,62.75963892809373,64
505,-114.76464435385918,58.6540085237367,64
506,28.98396140551581,59.38630502899944,64
507,248.09845292179142,62.24503145067952,64
508,45.84927667644776,64.84759176532992,64
509,270.1451543011025,68.0432520138435,64
510,240.08209927591858,70.8521256510051,64
511,296.80137108988686,74.07118247326089,64
512,149.89962491536747,76.13501822772528,64
513,21.023283471801733,76.41543727097205,64
514,260.8604168784934,78.72950934738864,64
515,226.1036866813278,78.09571790623625,64
516,239.04777763158975,81.38678244792662,64
517,299.1051457458526,84.97193288832153,64
518,155.80158383817914,85.86736877082299,64
519,267.14438533097484,89.42051767345617,64
520,-146.10654538455594,88.72282112889354,64
521,177.03042343290485,91.31299593387047,64
522,231.36987843250566,94.35363258192481,64
523,246.02407378600248,94.0014895013565,64
524,255.50674935879832,96.88023253296454,64
525,234.75564889311525,96.43789580574749,64
526,40.907393009829235,97.9832302830683,64
527,262.1365894897332,98.81899058976032,64
528,253.06211307912332,101.8683244584311,64
529,220.96672581242007,104.55847681445545,64
530,250.57016382261435,107.16357897769194,64
531,281.81853404556756,108.06305857531189,64
532,250.89223605260582,111.71318303249299,64
533,242.24958526000904,115.11755401339718,64
534,90.32961348816531,116.3841819202974,64
535,226.08232423387125,118.98699258353487,64
536,221.04049025598454,121.07063468371611,64
537,-98.74796673201664,117.84908280776666,64
538,181.69158148269725,120.41380948072072,64
539,201.89905527953664,123.72567969026328,64
540,245.38454604693587,127.57713262393273,64
541,-35.012097463655394,126.92413424401357,64
542,254.69632082123633,129.31702958342112,64
543,-235.75738924908953,125.54562950170337,64
544,234.0400882313593,128.96976664071673,64
545,249.49307999381188,129.19413471150563,64
546,261.152973029137,132.79384236051146,64
547,272.6170517408275,137.51632006144152,64
548,277.1427580616977,138.535477393165,64
549,173.5535080156751,140.61446684130917,64
550,134.12351916041104,144.56252460953485,64
551,-193.13890448747685,142.76910012702908,64
552,228.524898060641,144.75619173437315,64
553,220.00814538148236,144.67881423134784,64
554,251.63049960489042,147.51563319337902,64
555,255.39912980411884,147.8105761849425,64
556,216.39293964438258,148.02408343632374,64
557,235.67896345448972,150.6462331839571,64
558,234.71402862929494,151.48240787091038,64
559,114.5132354155889,152.1053476223666,64
560,246.44347756292348,152.25768288936334,64
561,-137.38118110841629,148.66163510086736,64
562,-140.06544161809933,144.59985981903634,64
563,243.28946698239372,144.78070773366943,64
564,-110.96503298649712,141.40208383166905,64
565,158.71933934077478,141.0596930762066,64
566,7.344889742083907,139.3408327732882,64
567,45.57270105940415,137.60106341344297,64
568,228.37172828408893,137.75074916313838,64
569,228.13907477297303,138.07930667367623,64
570,285.66438527132766,138.75247540298224,64
571,232.5088826297088,142.1101496021904,64
572,141.29586441198342,144.37455807230828,64
573,-135.0357806802167,141.31394448198813,64
574,146.41180302345484,140.36707630805736,64
575,237.56479163284232,141.29602292869322,64
576,250.72865246237365,144.38156444357142,64
577,233.85251665282465,144.17095310684283,64
578,13.936649857477079,142.24448206649828,64
579,280.78380402613914,143.26871577033097,64
580,183.03596740199998,145.04779436543632,64
581,275.6679828730757,146.43691483750143,64
582,231.73854086954648,146.1566811040274,64
583,219.49139849962506,145.81902363298244,64
584,-75.97385386029237,145.62882060918804,64
585,246.28274636083015,147.16156281887118,64
586,140.98615136493052,145.90178529610873,64
587,121.10346830059058,145.38248018104332,64
588,230.47910748531996,147.55111745191707,64
589,99.84958612603346,147.06735350646497,64
590,232.03905887714453,151.56727018571138,64
591,200.96396411317033,153.57671916358188,64
592,153.43373279346616,153.10595016730903,64
593,-39.49706260282398,153.6403446118902,64
594,90.29310327277844,152.1563002290603,64
595,144.96079033115697,151.70191838014557,64
596,113.33001522551163,151.17629129151058,64
597,261.27143801042905,151.65236734642988,64
598,198.55370147717002,151.4782522016137,64
599,144.63090143026432,150.68149787206613,64
600,212.29697212468722,155.12581748880768,64
601,200.9246226995881,158.0079166044911,64
602,155.99362386455732,157.0877431022002,64
603,254.59622868037238,160.01847162126697,64
604,125.11812993925807,162.31568443782993,64
605,133.6187974683848,164.79951885605237,64
606,122.02833432040121,165.72996258520124,64
607,179.51145899976103,165.04409264598092,64
608,130.45030454150907,165.89010292463155,64
609,261.29057833193315,165.80155716493988,64
610,282.7722977547654,166.22845914972834,64
611,237.62840675864135,165.63672950641586,64
612,260.26110321426836,166.74034428940485,64
613,-18.4849570738525,166.34526188394833,64
614,149.33117585312567,165.22996947369467,64
615,-59.69254959442395,162.37200711093715,64
616,9.948779363223736,160.08101712825345,64
617,72.05579915997394,157.8105236623947,64
618,80.01348008312841,157.05264262484422,64
619,119.39563114584976,155.57515508299292,64
620,233.35191504938913,159.36973968733238,64
621,257.5942033956458,160.17537748695977,64
622,1.646420844563167,157.87814291108037,64
623,130.87400001736424,156.72664217339397,64
624,106.18334110102134,155.2334080908162,64
625,227.9138662535413,155.16499026442045,64
626,246.9168459395766,157.22508479371797,64
627,219.59370204165623,156.79965591923718,64
628,182.6720248675659,156.09575503712162,64
629,125.94079406479919,155.14549571964542,64
630,2.2434868517160194,152.66222894993643,64
631,134.38808404085685,151.18792444988932,64
632,246.01371517286407,151.1391392410919,64
633,194.63936488413896,150.66303703733317,64
634,145.31251915906932,151.21286609404223,64
635,-121.77964543748932,147.73424639732863,64
636,227.1053872353505,147.7948953671223,64
637,169.2859446337868,150.47523448078033,64
638,161.38916497512497,150.27221031570463,64
639,251.3991018274449,150.7672107811837,64
640,12.86517101969995,148.44201703091133,64
641,-147.2034092175499,147.32010391337238,64
642,203.0901289842781,146.8040419950028,64
643,251.88568230635087,151.6804727105572,64
644,-103.38115671969067,148.30626026104673,64
645,252.34000314065952,148.3347294925152,64
646,194.16034312973665,147.66480319352118,64
647,246.60723887631738,147.40470506487608,64
648,247.055593357506,147.10383341783415,64
649,193.9410400436892,147.30770873811431,64
650,147.11417184916115,147.4376152650018,64
651,114.63263762851999,150.51533068616175,64
652,-193.67964915935443,146.29328521396184,64
653,-192.21145375904356,142.17108922255656,64
654,253.3386411742499,142.18817063825014,64
655,-144.66700574302214,138.18750928277876,64
656,-197.33964803801092,134.0501834059548,64
657,194.4720439363358,133.63811421077327,64
658,-112.59596699079192,130.16501425457238,64
659,-49.53681553001608,128.52451374511634,64
660,-93.52543422762116,125.12482462721091,64
661,177.87316878050672,128.27736812610013,64
662,203.9471936540193,131.71749447882132,64
663,227.32082970526864,131.55780810605006,64
664,265.5204689762887,135.3226631256779,64
665,224.15295087978703,135.97699924106803,64
666,222.916998028666,138.13272032393385,64
667,134.68430224713052,139.02383633581113,64
668,-150.44494701669421,135.2356695828033,64
669,-193.23798833933643,131.0218989516802,64
670,79.7175033019396,128.96243013198634,64
671,84.60947574457967,127.48343606313502,64
672,75.47959971857009,126.82527341620089,64
673,157.666346360438,129.75229468660743,64
674,235.55518038026838,130.6437284601756,64
675,-225.1514991905537,126.01656555194162,64
676,-26.208147316738547,123.24719755415052,64
677,-135.7678409567429,119.55099397805483,64
678,-106.87851963978048,118.34284228308226,64
679,-163.88802904565563,113.89612395236429,64
680,246.92824221867502,114.53504670053105,64
681,259.2941016625979,114.37130788842626,64
682,266.97148909042505,114.72363737063505,64
683,-91.70323651368048,111.61169102050201,64
684,-107.00573679354072,111.30137219116952,64
685,236.2832741197698,111.2013774687589,64
686,180.68595375233681,111.59837549263297,64
687,81.53573133728281,111.20269812299988,64
688,231.97294320313495,111.21763648017803,64
689,93.20097216736869,111.1511503405914,64
690,196.55992172643897,110.79635896908434,64
691,61.84422901982893,109.40516161815094,64
692,263.7493145875419,110.50831743609169,64
693,112.45320756694358,112.02782013778935,64
694,197.2721015987605,113.09761012104919,64
695,233.74717177424682,113.98547393548006,64
696,257.02387980015055,115.42241258122645,64
697,244.97972257719465,115.25949542689412,64
698,160.52663166130736,114.87922472873548,64
699,178.03808981997364,115.21329661263259,64
700,186.18534813508222,114.95218037273654,64
701,209.31976144723058,115.03613176021295,64
702,206.7801684353018,115.5439972059204,64
703,180.3204822878473,114.80123974199516,64
704,214.1109477662302,115.69116792026487,64
705,196.84956968466753,116.32347564242771,64
706,185.4904870154876,116.95809716937858,64
707,241.74605088396976,117.58044308822068,64
708,252.61201427188124,118.80206018552438,64
709,108.55524334154339,117.27470683562048,64
710,75.12834336660099,115.19826729173884,64
711,235.1066321280508,115.17304954543293,64
712,54.510061089733206,113.11553912418758,64
713,266.4154614334792,115.96454330926088,64
714,254.52814496602417,117.01651300038986,64
715,187.67800796323303,119.49021857596645,64
716,261.26369821341837,122.00336776446838,64
717,239.00738968587623,123.67288366972744,64
718,165.02031572027727,124.52295202609892,64
719,206.31728348135812,125.39216854945398,64
720,7.718063786025714,123.13583003682035,64
721,218.17396052063,122.74162760807019,64
722,259.3726935023902,125.31889033464846,64
723,66.18855076051996,124.67203584208002,64
724,213.51669094068632,125.7453693404767,64
725,275.5602624299423,126.2218333022407,64
726,153.16224251003277,125.28428726794527,64
727,265.876346396341,125.74711371149213,64
728,4.74029943110091,123.96779645712748,64
729,223.65663592900006,124.94495487576947,64
730,237.24464441489764,127.2949664514013,64
731,223.11995995946936,128.18228521058742,64
732,252.56762128296066,128.2478242716884,64
733,246.00632549378335,128.7614938777848,64
734,252.74629123112996,129.83583159850542,64
735,7.753122014214995,131.13115927302246,64
736,137.89906291253098,130.23909602979427,64
737,188.14737995803947,130.4277103830368,64
738,178.48554302244946,130.59867416351005,64
739,237.2020247047308,130.45670339228292,64
740,204.41777410737853,132.3722294231597,64
741,260.62072884889943,136.45047080382417,64
742,246.75319155339616,136.88710142951538,64
743,119.82952220766863,135.56653982852853,64
744,233.11549191315302,138.931506314857,64
745,165.6543276713898,138.06464956016427,64
746,230.9429281184006,138.43247541005093,64
747,216.97238659973175,138.13612688728506,64
748,227.2555119319858,137.93812607302985,64
749,-10.840405115295596,135.89031162144002,64
750,241.9758746906983,136.83892864985538,64
751,59.165367573541324,136.28425594930562,64
752,-231.7064507829037,135.9039879330701,64
753,51.33562481978128,138.33945871885837,64
754,56.31148473827603,136.36918715449863,64
755,220.02091921976057,140.01606640412646,64
756,203.6111357364925,144.02557424187148,64
757,-82.72104645538141,141.2536433379543,64
758,241.69832502417566,144.79658625810399,64
759,135.01072461693084,146.64206165957341,64
760,226.79849422519078,149.84530094410158,64
761,219.12053486582528,150.25777460495476,64
762,244.57224589395497,150.66402512735414,64
763,204.15748172711636,150.4323916475726,64
764,211.79117685223235,149.895098726332,64
765,265.92176499827383,150.31278686751688,64
766,216.1168912824765,150.24478580005496,64
767,-238.4070691090685,146.51387208649297,64
768,231.85320698493712,150.33685362650934,64
769,131.44300197749664,153.58366352967764,64
770,265.38424338427774,155.44033093050103,64
771,167.24111692705185,156.26664734232577,64
772,155.60512663215223,157.0679026114616,64
773,-282.75239776977884,152.66371517015943,64
774,58.74335225233746,150.8955968888801,64
775,237.39048895169452,155.52101677030257,64
776,-180.90924943900896,153.97400574907988,64
777,246.51077991971854,157.79679195784448,64
778,206.3225262504624,160.92880241674692,64
779,206.66689092309318,164.6343516164344,64
780,228.08295473096734,164.44589874155736,64
781,89.3234024685836,162.7461917496172,64
782,241.10463408397297,162.4875231995527,64
783,222.8211546583898,165.63276711127338,64
784,-247.53045850075222,164.2275198942013,64
785,197.87808846262715,163.84346803762983,64
786,-204.24218820845073,159.99418661802193,64
787,241.7920294727452,161.59674959937655,64
788,83.80547700222586,160.11507493736747,64
789,151.28997395572233,160.69596495525101,64
790,220.49408337616202,160.93530657174824,64
791,238.47035778779036,162.70156785942785,64
792,215.16064966899916,162.2156812102424,64
793,196.85108331933947,163.05965996776638,64
794,248.76409865208583,163.57457993829962,64
795,238.96436739850088,163.6267518945422,64
796,189.0019015287246,162.94653211182793,64
797,140.01634726073053,161.8968983586633,64
798,213.52841428790248,162.42691618492924,64
799,213.0946781461749,162.77748206819126,64
800,235.56928312286635,163.27132141806908,64
801,194.72597281557987,163.12538353175262,64
802,196.3564212277364,163.02114605967697,64
803,-36.873183621126486,160.8492094005872,64
804,188.77222295905813,160.5958221525155,64
805,-260.40559419635997,156.02327051370523,64
806,184.12980420520967,156.00966368560245,64
807,258.3734412690901,156.17593758945364,64
808,-269.69579999938674,150.95285944674097,64
809,183.32721400595761,151.70057915338512,64
810,148.19398795051126,152.4312355992242,64
811,242.9990154145701,152.5101594320894,64
812,-46.38574073269642,151.50120141386512,64
813,-11.997104663314715,148.71707575289716,64
814,10.537965416255778,146.27717395739947,64
815,142.45866968248643,145.824980574592,64
816,43.22195369773466,143.64456312943514,64
817,200.0174357418145,143.25466358999452,64
818,25.214181704324975,141.85660224983502,64
819,16.082256156183856,139.95425197658327,64
820,200.3600288356509,141.88067162707952,64
821,194.25970345839988,141.64152905645722,64
822,56.986364736758226,139.6176657688009,64
823,-28.673010832504772,138.66905015287065,64
824,199.9655168519969,138.53353841198378,64
825,-20.51320774317484,135.5728037102526,64
826,156.7836679895559,135.60901796504783,64
827,46.460148735779846,133.41485598844218,64
828,33.23575932626759,133.6998105873939,64
829,-78.51765262811695,130.6780677018227,64
830,181.67535491280938,130.12237480680184,64
831,19.66045435763312,128.08777975078345,64
832,126.15699082009367,126.82367344615481,64
833,-41.847106390942905,123.94513912730754,64
834,173.4685847657745,123.15236206265398,64
835,76.04601913690105,123.83529103388082,64
836,135.71701173402346,123.81347052209576,64
837,219.25555052585767,124.12455222777393,64
838,57.72133118685072,122.91691010941796,64
839,172.47207652893337,122.26961062765997,64
840,148.13645873068518,121.70679747389303,64
841,176.96610442989112,120.87025122970297,64
842,81.25594963183995,119.21527881048743,64
843,-15.150186968763933,117.86548171872309,64
844,-147.99024911883328,114.05442430840323,64
845,182.36406500613424,114.22152168175067,64
846,212.64694519509686,114.03856185251762,64
847,180.62132257572648,113.67505121227758,64
848,109.98187344311745,112.50231482738887,64
849,182.2751651086439,114.43347052962825,64
850,60.13421544539786,112.61505393717528,64
851,154.11744772846419,113.56457473872452,64
852,160.1676109148649,117.48331535570217,64
853,177.19522674767413,118.7419113749811,64
854,155.69766136551553,119.7357731412535,64
855,176.82839359920405,119.30384788504794,64
856,191.438386031954,119.18212038800257,64
857,83.29379052508267,120.84226875780719,64
858,197.4585466311267,120.39987097387672,64
859,201.6771765608171,121.06653549331558,64
860,99.33087342430312,119.79185928530671,64
861,180.39263553308348,119.40458029197931,64
862,173.70645761877762,118.69592240922752,64
863,182.83100846122463,118.48265767656859,64
864,253.40675032570093,118.89881341130327,64
865,223.18377113955643,118.47143347271609,64
866,200.01549417065036,118.31041950159782,64
867,124.31738659966473,121.93766405868517,64
868,210.69748471002072,121.72610683593601,64
869,-45.08453820914747,119.96083143406959,64
870,237.18633892802177,119.67885238950704,64
871,144.08712042207267,119.44731242445725,64
872,202.48943939455796,119.9161555520813,64
873,217.5939420927605,124.9196189507067,64
874,231.61727836730586,126.64835821185638,64
875,4.117842975393529,124.31563175209335,64
876,-42.950746674487704,125.69521677973859,64
877,208.65405435119362,125.31664952405332,64
878,110.90537400182906,124.36247800156698,64
879,157.7565730168257,123.87337482250432,64
880,195.49505560807944,123.54749583127544,64
881,229.75703161516714,124.9518321227413,64
882,148.31965176555883,124.02398229955713,64
883,226.18598729760362,124.05763062594927,64
884,215.63819706832578,128.68931718164004,64
885,213.54388991344644,128.84597519614823,64
886,210.84465629693813,132.99684364120213,64
887,82.95997560332638,131.40852310250793,64
888,191.20033549546173,132.48247168744027,64
889,185.20025465123274,132.82157449439538,64
890,198.82428848366186,132.60487654547038,64
891,232.89990744019084,132.54917204199438,64
892,196.88602974240416,132.36642584272843,64
893,223.8138036436281,132.63605304597132,64
894,-10.111631967070124,130.04729573977977,64
895,186.1612439755799,129.51926450555055,64
896,214.84082399533142,129.77765373021663,64
897,179.7929947057,130.17542020466632,64
898,131.5392130817475,129.35552819260477,64
899,204.90678174386042,129.27364922858163,64
900,217.88843523420735,129.09684074969505,64
901,226.88263224848873,129.41840734402413,64
902,233.34375525967846,129.78828068434356,64
903,230.9982870804093,132.4669953913589,64
904,-51.738701830113165,130.0618861434672,64
905,183.9637358447056,134.50557944387788,64
906,145.2963919635995,134.11724532146175,64
907,184.79891372511614,133.381500046022,64
908,221.7533423587638,138.2959914696035,64
909,206.6662961364597,138.52938229090853,64
910,130.09582953933798,138.3484007067968,64
911,246.60570926065915,138.38446764525767,64
912,202.94818217879143,140.8778068743726,64
913,-30.85771797972012,140.68920074120854,64
914,224.42404476535432,142.82806153469951,64
915,181.56315421068902,143.21910637998155,64
916,176.33556695889067,144.55024251259312,64
917,180.64152060834078,144.35648336125834,64
918,190.9459956905744,146.01380150112084,64
919,-44.30661590891274,145.40991278046988,64
920,181.97308995050872,145.22604339161845,64
921,244.55169463423613,145.72896330337682,64
922,222.4524875467083,147.38362453147636,64
923,-61.048157558416236,147.05987306421721,64
924,183.05575140425123,146.89077540973977,64
925,244.28217099635006,149.538729197135,64
926,208.46512121202727,150.05554372935973,64
927,226.46757974032457,151.8556180394052,64
928,199.3547401040246,153.51680784718275,64
929,218.3483278525734,156.48546765198967,64
930,41.969787679745,155.08841197965899,64
931,219.0552733100862,157.08236016918352,64
932,-44.74819902695218,155.37330827071307,64
933,250.37795122615043,158.295558846884,64
934,231.48022235684383,158.87567522279468,64
935,203.63795287604026,160.15159456018608,64
936,270.0905294071573,161.49532973691743,64
937,219.3844240561159,161.49661847222,64
938,218.0572843364433,163.09997800371593,64
939,-37.328080888666946,161.00197642953992,64
940,251.09318180115275,162.03154366024458,64
941,187.5917469441976,162.13780008538765,64
942,226.37133390748716,163.58895392814412,64
943,264.18406394530473,166.3822964372848,64
944,181.05579042121178,169.67275683268522,64
945,192.30187459098667,169.77213492853377,64
946,181.92681346052763,169.46493361118806,64
947,247.9616765445911,170.13833715087674,64
948,108.53996153055868,170.1239180317511,64
949,193.08464418211764,170.23201282248584,64
950,264.7712019925948,172.27838268795784,64
951,209.01445819385162,172.82735279261172,64
952,239.69410054305004,173.6226176888935,64
953,199.39479284673624,173.8446133498842,64
954,224.45303520638066,174.53216708829285,64
955,213.114019627194,174.89502334857275,64
956,241.9957471063925,175.40059695931714,64
957,202.61509118995536,176.59380996596593,64
958,205.61334184826802,176.6753579181373,64
959,214.4137602362395,176.80272375489153,64
960,195.43123175486738,177.76372733819713,64
961,192.47811353128793,177.8845821181792,64
962,221.6777198426609,178.36429474041802,64
963,229.81085717897713,178.83409322759556,64
964,254.0811170749709,178.84083689508824,64
965,138.90511840905776,177.99805036778326,64
966,226.2547962130185,178.26044338820694,64
967,196.48533960940387,178.98212291830433,64
968,259.11504658987303,179.4662985371029,64
969,222.50697298785437,182.1422136490729,64
970,259.9511143114829,182.36986140290753,64
971,244.56919712053386,183.3746821698921,64
972,217.4939189368073,183.52472696531467,64
973,218.6685806296589,183.53547335068362,64
974,251.66974744869398,183.73599804149748,64
975,222.3740435102813,185.91856004684632,64
976,262.18700247698587,188.96993753836108,64
977,269.4219211652103,189.57761620650123,64
978,212.51120608344291,190.59367452731738,64
979,266.7597943504959,191.68370674065406,64
980,-1.4566746065382787,189.7141894385079,64
981,237.7473538004566,189.7940926603608,64
982,208.78381639099518,190.39873430661518,64
983,41.230263134709844,188.54917706498622,64
984,47.637415875549344,186.8691692530585,64
985,256.43089030493525,187.29803925697334,64
986,221.4833958122099,187.40442665212606,64
987,238.02953583850694,188.9551222544779,64
988,247.58585551786518,189.51897745470197,64
989,143.5215035720592,189.10218994391016,64
990,44.10087880390976,187.55495584711264,64
991,95.32365732723531,186.17919334598312,64
992,134.41506343235943,185.55448368288268,64
993,251.82656459618192,185.83461129240823,64
994,157.3049180792343,187.50877679287126,64
995,241.94355927142826,188.0665999458297,64
996,292.70697300856534,188.84526143596204,64
997,247.8973520345422,189.5263050092505,64
998,-38.26094964996526,187.82830338193335,64
999,30.33506701899605,186.08258623468475,64
1000,241.06486131793383,186.314350495522,64
1001,237.58820862457597,186.42140625928286,64
1002,249.86479832572064,186.58661668994327,64
1003,214.16805724631826,186.41831439160237,64
1004,278.6542881168116,189.72224429107163,64
1005,246.17238178146073,190.3443307504392,64
1006,36.05481997421968,189.25191503054532,64
1007,182.02545526818983,189.2241804459761,64
1008,281.6258387103034,189.8229054094915,64
1009,239.79088190740322,190.15415126720097,64
1010,229.1370548998448,191.14456352080603,64
1011,-23.894144526625052,188.43956498293318,64
1012,266.4239362712344,189.07432252385763,64
1013,163.9651829966806,191.0225515336216,64
1014,178.7326589223253,190.56563767519137,64
1015,248.6539085982581,191.236545219067,64
1016,245.37540950552892,191.92694364453345,64
1017,242.05757541271166,192.54110419257714,64
1018,251.4816738518302,193.1464609741897,64
1019,187.18249186701493,195.46135205194895,64
1020,267.9112199246502,196.32073335169036,64
1021,209.79035818890134,195.973119987237,64
1022,273.497893900642,196.48357405077633,64
1023,213.84010589921309,199.23245668535262,64
1024,253.56800790382187,199.9375792503483,64
1025,207.23634635626348,199.56712100394748,64
1026,213.9319281566814,199.62178907339404,64
1027,175.3860034305174,199.11097331029595,64
1028,176.2428950717403,198.87985485997314,64
1029,241.27278012704386,199.10909938271783,64
1030,266.410926996247,201.35351077588282,64
1,-267.4446236486011,,128
2,-12.803471508670597,,128
3,-891.039107708846,,128
4,-766.8299797462809,,128
5,-1222.1805495573037,,128
6,-848.7473517081971,,128
7,-795.5654297557792,,128
8,-1387.509078630054,,128
9,-762.4386051668203,,128
10,-718.8189740700138,,128
11,-1418.2274379390356,,128
12,-922.6625758962452,,128
13,-771.833642376125,,128
14,-470.51707916086235,,128
15,-620.9477956432405,,128
16,-418.4677015449919,,128
17,-831.8648560852654,,128
18,-490.34264607294836,,128
19,-874.403239047901,,128
20,-588.0870236292708,,128
21,-450.2147093735457,,128
22,-579.211955017884,,128
23,-520.2504307031827,,128
24,-593.815497437648,,128
25,-565.980716361832,,128
26,-476.9221158231813,,128
27,-559.3732670974533,,128
28,-772.5484534180713,,128
29,-607.2808752024075,,128
30,-562.8608179378664,,128
31,-521.4210176324409,,128
32,-563.1221215146811,,128
33,-625.8723332879318,,128
34,-732.6065066613734,,128
35,-491.1089642149582,,128
36,-535.9376508431075,,128
37,-573.486860494003,,128
38,-548.3988452929757,,128
39,-780.4102115503474,,128
40,-491.482291656764,,128
41,-405.2262784713111,,128
42,-409.1212110741887,,128
43,-772.8012139439941,,128
44,-439.1357683738954,,128
45,-621.2495293149868,,128
46,-614.4539213922653,,128
47,-435.2953958496412,,128
48,-445.3620741313184,,128
49,-504.73265690956543,,128
50,-371.62611501794174,,128
51,-614.6703287996611,,128
52,-216.1971558686912,,128
53,-277.17142145903915,,128
54,-428.7543465865278,,128
55,-290.6491494470744,,128
56,-254.8754892940358,,128
57,-265.77076692895923,,128
58,-283.7525260528969,,128
59,-272.3102054939018,,128
60,-316.9936743497443,,128
61,-307.51095971200033,,128
62,-107.16627433073448,,128
63,-260.19185568902117,,128
64,-285.2504529994299,,128
65,-258.0424646890311,,128
66,-275.7285255943017,,128
67,-291.8270241925926,,128
68,-264.7574699618133,,128
69,-281.2342762721502,,128
70,-210.70563348552463,,128
71,-332.18814933922977,,128
72,-261.7949067145646,,128
73,-118.77104923501798,,128
74,-289.5043700112562,,128
75,-242.32254656085397,,128
76,-219.69493882888224,,128
77,-141.16825973360392,,128
78,-206.76201899172406,,128
79,-219.1293246246651,,128
80,-197.71456658480466,,128
81,-244.99280668460875,,128
82,-155.33765406744712,,128
83,-181.18399561259744,,128
84,-233.32996149720438,,128
85,-131.72981435315427,,128
86,-75.45042748404937,,128
87,-139.90211663162665,,128
88,-158.65126395416632,,128
89,-144.44807311162202,,128
90,-239.51948659612117,,128
91,-133.92127238201607,,128
92,-155.64627833899925,,128
93,-120.51547674362095,,128
94,-149.4822018214214,,128
95,-103.83774237900705,,128
96,-104.32326593201482,,128
97,-73.54400888601793,,128
98,15.325159144444854,,128
99,91.71069963891445,,128
100,-105.4794348994986,-421.8891052932078,128
101,-75.54856790151186,-419.970144735737,128
102,-213.75048835838749,-421.9796149042341,128
103,-123.07429542227497,-414.29996678136837,128
104,-148.18007521664285,-408.113467736072,128
105,-142.0507872627964,-397.3121701131269,128
106,-175.46800402686682,-390.57937663631355,128
107,-214.61676472306232,-384.7698899859864,128
108,-153.27818097802324,-372.4275810094661,128
109,-244.4385933990958,-367.2475808917888,128
110,-147.65786736072786,-361.535969824696,128
111,-449.269337492722,-351.84638882023285,128
112,191.2199728328799,-340.7075633329416,128
113,-198.98950010929545,-334.9791219102733,128
114,25.768721261616818,-330.01626390604855,128
115,-121.69785174822741,-325.02376446709843,128
116,-110.63201335281525,-321.94540758517667,128
117,-57.37303968300593,-314.2004894211541,128
118,-245.66136705481784,-311.7536766309728,128
119,-245.32807271899534,-305.46292496768376,128
120,-173.7502124577316,-301.31955685596836,128
121,-109.86022309031381,-297.916011993136,128
122,-125.64503852579873,-293.38034282821513,128
123,-121.96902142006037,-289.39752873538396,128
124,-118.96859623516396,-284.6490597233591,128
125,-37.187484143180846,-279.3611274011726,128
126,-98.41811158986063,-275.5760873588394,128
127,133.86402143624423,-268.64371447350237,128
128,138.23118907481094,-259.5359180485736,128
129,192.07141901311576,-251.54239510641833,128
130,193.7222321124454,-243.97656460591523,128
131,-83.38399288265943,-239.59619435841742,128
132,-183.726029389772,-235.8022334371683,128
133,-183.77935844692163,-231.3813036887582,128
134,-254.75902999965734,-226.6028289221411,128
135,-89.04609050520504,-222.58220018504355,128
136,-274.37134374120063,-219.9665371140245,128
137,-322.7016709957177,-217.45868521904166,128
138,-186.41369221713038,-213.8388336882832,128
139,-97.83292974063788,-207.01306087018608,128
140,-88.56931877783772,-202.98393114139682,128
141,-88.3727286206025,-199.81539564288974,128
142,-55.42839553633672,-196.2784674875112,128
143,-35.01255262971257,-188.9005808743684,128
144,-100.97320120385433,-185.51895520266797,128
145,-182.69306949211875,-181.1333906044393,128
146,-358.3992543050907,-178.57284393356753,128
147,-51.519080558199214,-174.73508078065316,128
148,-48.337147071692044,-170.76483151005687,128
149,-151.27145708181231,-167.23021951177935,128
150,-133.40550854555175,-164.84801344705542,128
151,-120.67160968147361,-159.90802625587355,128
152,-123.14926754479006,-158.97754737263455,128
153,-84.25429498749452,-157.04837610791913,128
154,-17.069146165290846,-152.93152410370675,128
155,-60.85272616029234,-150.63355987083892,128
156,-10.139648162851929,-148.1862014595271,128
157,-58.97553608038098,-146.1182491510413,128
158,-60.56968092973279,-143.88642069980966,128
159,-45.47637834936438,-141.61808242836432,128
160,-62.684610789559564,-139.07499179276243,128
161,-128.21611150579196,-137.28204331070035,128
162,-52.55038162445392,-136.73588438363754,128
163,-96.4811460773925,-135.09877728752127,128
164,-121.2118389782805,-133.45839114730978,128
165,-54.399377393590484,-131.4219602743554,128
166,-170.83034270906268,-130.37297844550298,128
167,-138.23545065180542,-128.8370627100951,128
168,-126.60141209827052,-127.4555021314597,128
169,-202.8431663312731,-126.67159103205091,128
170,-147.26312564235158,-126.03716595361917,128
171,-151.36132518140548,-124.22889771204095,128
172,-140.3396498122888,-123.01434514301818,128
173,-98.56605427438735,-122.81229519341188,128
174,-76.77635443531528,-120.68501503765246,128
175,-180.06049904450225,-120.06239456248893,128
176,-105.60968771777584,-118.92154205137787,128
177,-130.40989627711724,-118.81395841681301,128
178,-131.47981756394935,-118.06113640253525,128
179,-139.63982162281883,-117.26624137251677,128
180,193.53069473811541,-113.3537887592876,128
181,-134.95894075857376,-112.25345010002725,128
182,-132.76991081654126,-112.02777266751818,128
183,-149.0340602313451,-111.70627331370564,128
184,-117.44137695459763,-110.5473874682796,128
185,-108.39803333640205,-110.31406965811207,128
186,-146.86800209395005,-111.02824540421106,128
187,-120.62586244702325,-110.83548286236504,128
188,-108.0496384582801,-110.32946660740618,128
189,-160.2437714748781,-110.48742359103873,128
190,-161.88953499408456,-109.71112407501838,128
191,-154.08432035773657,-109.91275455477559,128
192,-165.96894681367525,-110.01598123952233,128
193,209.05768730643112,-106.72024959902183,128
194,-174.38247858124518,-106.96925236662005,128
195,-81.40125184021382,-106.74488746123212,128
196,-143.65932582162628,-107.13824806012825,128
197,-148.4182103643297,-107.88699007491135,128
198,150.9349890200761,-106.53089177615506,128
199,-158.06374406882415,-109.02863621323245,128
200,-139.35744292498632,-109.3674162934873,128
201,-170.089512424155,-110.31282573871373,128
202,258.3879518863092,-105.59144133626677,128
203,-65.67318527450932,-105.0174302347891,128
204,-191.91307058501312,-105.4547601884728,128
205,-134.7045528978698,-105.38129784482355,128
206,253.938066234855,-101.08723714220632,128
207,-159.45331562911406,-100.53560265126687,128
208,-176.39383013287284,-100.76675914281536,128
209,-184.69422647309284,-100.16931547355533,128
210,-92.61807539936122,-99.61891755394167,128
211,-168.60294885659692,-96.8122536675804,128
212,-128.0895951322112,-100.00534934723132,128
213,-158.52110541141454,-99.60066540025251,128
214,-186.5435156527439,-101.72378776939613,128
215,-182.35237358531572,-102.330332987767,128
216,12.142255294704189,-101.1025903012918,128
217,-180.43653895522488,-102.33322529401397,128
218,-127.24292652258647,-101.14904088869169,128
219,-102.47230220730555,-99.72048318357479,128
220,-36.05183986126701,-98.34349945761012,128
221,-122.61874501690737,-98.47108467687607,128
222,-128.792868144725,-98.50256297306534,128
223,-52.91658442796677,-97.81203860314442,128
224,-172.32437697169922,-98.34559641050976,128
225,-12.470088256535862,-98.09842245164329,128
226,182.49265392835,-95.2893147964612,128
227,-99.15141323334217,-97.61946914315703,128
228,-134.30238693775084,-100.34480490328265,128
229,-23.43266830189753,-102.49984577643279,128
230,-120.66321070662416,-105.64370020462347,128
231,-179.2034312938031,-106.60189458873491,128
232,-173.18799956299176,-106.49651429046713,128
233,-20.81263460216711,-104.86684705201957,128
234,-93.63754696498181,-103.25563222167283,128
235,-171.95016880491522,-104.08467300466991,128
236,-55.66511616087638,-101.8976107288667,128
237,189.04862531321913,-96.78010776577732,128
238,-136.8936807801886,-96.2849076514079,128
239,72.22814493026803,-94.58429690469886,128
240,176.10835611288337,-91.93752015579165,128
241,-114.30377807867691,-92.19683065037238,128
242,147.2093780395167,-90.17045291461383,128
243,105.20228740853413,-88.76830451423137,128
244,-44.479887529355125,-88.20337137748636,128
245,136.17784855684866,-85.01466219699671,128
246,-118.7074191120988,-82.6177438450668,128
247,-34.33786829562094,-82.44593172244102,128
248,-70.95387297649454,-82.67209898148906,128
249,-156.53757940971443,-82.72476020476805,128
250,138.21323129823966,-80.00857280633015,128
251,-61.365850530222765,-79.41551521481763,128
252,13.077915253301505,-78.05324338683673,128
253,174.01440720495435,-75.47055636491224,128
254,275.9726711203742,-72.54013819205558,128
255,-92.16166645409749,-72.85322759499364,128
256,-48.91904292473621,-73.24102154261249,128
257,-23.752155387695346,-72.88878773568563,128
258,-62.11601767572094,-72.9042511031455,128
259,50.772693050688815,-71.94176038914497,128
260,25.63773188611003,-71.05853696238827,128
261,-69.59715917254431,-70.47234743905581,128
262,-34.429573927454484,-70.29113936208583,128
263,-2.8805156778814993,-69.35513305809071,128
264,-47.74868759449673,-68.62050154425287,128
265,-155.37757426655372,-69.6302835129825,128
266,-119.41160195391261,-69.11609610543098,128
267,36.99006125602566,-67.36384098635267,128
268,-141.90793615042077,-67.51690622687418,128
269,-168.36507859102173,-67.17212534947166,128
270,240.1568996101386,-63.297925096946756,128
271,233.5354032329485,-59.44895781280322,128
272,17.201180850041595,-57.873549506179906,128
273,-144.01076019750542,-58.327996565411084,128
274,-14.790673091278833,-57.70813975197073,128
275,219.52333374842144,-53.7123014240415,128
276,-123.13759120526387,-53.887580458916375,128
277,-39.940523053351235,-52.982886726678714,128
278,208.1043888345609,-49.58704466269361,128
279,-96.17591355152653,-49.15240558198068,128
280,-86.20156174872099,-51.949728146849054,128
281,225.0843293416753,-48.349295445846565,128
282,176.7419323102514,-45.25417701457864,128
283,67.83257898806134,-43.08551062238458,128
284,208.90818703167452,-39.82201498252186,128
285,-6.837954137395613,-38.80641419053178,128
286,246.59999650462242,-34.87173420454606,128
287,239.45994265316554,-31.270876153544176,128
288,-76.81358486142179,-30.9585156175756,128
289,222.38102405805319,-27.13226766224628,128
290,200.25890192359287,-23.510783293069508,128
291,197.53224125764905,-19.99461767691565,128
292,180.58192763199554,-16.52910893245894,128
293,-54.947730609109236,-19.169163111614345,128
294,216.96744350572513,-15.255663890744641,128
295,-61.122054474121306,-15.052871917083714,128
296,-100.64563607600918,-14.622735019627541,128
297,-48.30724678495554,-13.621625383833802,128
298,187.66162796606037,-13.25435899437396,128
299,235.58094631042474,-9.317912090581471,128
300,216.83377548274194,-5.755999906504194,128
301,194.49664894017022,-2.1101382928609396,128
302,214.88391803825274,-2.5451786313415066,128
303,219.698470923785,0.3085379306414384,128
304,197.95251070553294,4.207193743546898,128
305,216.90394890629233,7.72327876158852,128
306,296.3646300238547,8.147544399478518,128
307,217.17293881520732,11.913806943921731,128
308,121.45238166789711,14.892269061929431,128
309,130.90072974630607,18.048218624123418,128
310,177.90457847502802,20.753445162867312,128
311,72.7943471498519,23.167418122931803,128
312,90.90347271093556,25.35734880136327,128
313,230.79257075162147,29.250485562993628,128
314,203.76914372609946,33.15361215678207,128
315,208.76571409792126,37.064793033614436,128
316,191.44576270786405,38.85782810774603,128
317,208.06282611929748,42.74282175849125,128
318,154.20442509554152,45.55729527467253,128
319,200.07936132567562,48.582811910002334,128
320,39.997491231761245,49.34330522093263,128
321,273.10360057998116,53.300528676901514,128
322,293.4495487447816,57.52295284579659,128
323,262.04022466808954,60.67252093675715,128
324,202.19022674653326,64.41766697393948,128
325,11.723261288639877,64.65960046939124,128
326,170.97474526819877,64.54442138278972,128
327,110.87810472410543,66.6447165623642,128
328,242.65118792659553,70.41425231100766,128
329,-23.101495137088513,70.41756404265574,128
330,-5.444513772926316,71.56975101199271,128
331,-28.056540022347843,73.08121992470727,128
332,-50.37404923542577,74.30935942798293,128
333,-29.179385536426217,74.22569191864035,128
334,41.442378121268305,75.57649116950284,128
335,-52.03989607932193,76.77559389675878,128
336,246.7995804073882,79.80024086244143,128
337,174.746686696652,79.65722147627575,128
338,-91.7740761756724,80.10841752232092,128
339,24.61513796757938,79.63228745269403,128
340,184.42118093220773,79.71541570088729,128
341,10.40477989374905,80.96250128061153,128
342,-29.692058067572468,79.19348691954063,128
343,-118.77907047815003,76.95367334067379,128
344,50.58871410818845,77.90435935704924,128
345,205.36061313383505,78.5961870028191,128
346,87.02491115270722,80.65351030546714,128
347,238.3678667404436,83.3805676558278,128
348,199.74877618402735,86.08759414743301,128
349,-18.068738322074694,87.47228255830943,128
350,-87.40406303903386,85.21610961493668,128
351,306.02698701434986,88.89003799038242,128
352,177.72973905656505,90.53655622841505,128
353,255.7282535432672,91.3536946917982,128
354,214.70161335881886,90.74098411418261,128
355,224.8994124853403,93.91159490357701,128
356,62.40469349866152,95.02483226781098,128
357,225.71804784741238,97.51953430016205,128
358,263.6482005356395,100.77717648227566,128
359,77.45046692377161,101.0439542210065,128
360,240.87820826122893,103.19635898475768,128
361,277.60016373155383,106.66833221379864,128
362,194.14798548162332,108.95410780788943,128
363,262.8989423174628,111.61190238784286,128
364,223.70217278287743,114.3264109916166,128
365,210.9305256905322,117.98949199118748,128
366,199.7758449949695,121.18136646067629,128
367,126.16472517007605,122.0731130998168,128
368,236.7197810984095,125.8593902723051,128
369,266.5799744318483,130.20884080253379,128
370,214.90781667772967,129.9563499732097,128
371,2.271819049184785,127.64371413137205,128
372,-72.16464087519513,126.75005591411971,128
373,100.57914318118873,129.19595494790664,128
374,245.94093533588705,131.80327103217832,128
375,24.86728695614201,129.8567105642555,128
376,61.7675890483219,131.7057623667914,128
377,266.78145677033285,134.77298216502822,128
378,242.1426556359504,135.1133648330421,128
379,266.7244244439054,138.74236821299647,128
380,131.33163892973516,140.917700219781,128
381,227.16058001670666,140.93846272653136,128
382,-67.78865612274694,138.49315684220136,128
383,221.22263942658583,140.02705744658655,128
384,160.17819121495623,139.53975748841938,128
385,280.20330101858775,142.41017003997925,128
386,202.5958254171486,141.97012832910448,128
387,272.6909902834532,142.30243880540738,128
388,212.4688743598618,145.1952633976202,128
389,199.5962602897322,144.96741575993698,128
390,97.83174446212072,143.94314418532227,128
391,184.68967063515774,143.81471847909737,128
392,70.82683850862901,142.71716758786368,128
393,36.07445841294045,143.62738947808418,128
394,268.84375298999726,144.1461525729269,128
395,221.6406612764428,146.9737797304325,128
396,121.34202084736071,149.19365629966623,128
397,65.7027759891777,150.33375652740756,128
398,224.56582713669886,150.70279851911394,128
399,206.89273366971562,150.41591639270686,128
400,234.96555483592903,150.59723418623875,128
401,242.0015636285147,151.07228333312221,128
402,264.1597968141681,151.56504212088134,128
403,207.03195066739465,151.43837691831746,128
404,184.06823712250304,151.29953418248715,128
405,-29.965647399986423,148.83083821942438,128
406,-13.52667959807323,145.7319251232051,128
407,192.94429559169407,145.48963869096994,128
408,236.822286500043,146.6433377392914,128
409,-34.661159904410745,144.98771884278426,128
410,253.58908355793082,145.74456389361328,128
411,217.20416024580146,147.18866202457275,128
412,114.49064131689985,147.42453371063237,128
413,247.9847179035505,147.59645518215166,128
414,224.75689275356913,147.80633267242635,128
415,237.4501810338752,148.0931773417859,128
416,207.3967096009796,148.25268681071705,128
417,112.7481308344045,147.29953985786815,128
418,176.45054388255465,147.52200104573828,128
419,215.72962315102427,147.67850366399176,128
420,229.8434412704583,149.57696316437872,128
421,237.9330544749455,149.2252577033284,128
422,-2.077880988419928,146.26998340599638,128
423,197.0352431504329,145.6199335908198,128
424,241.42032448913156,146.0122345682458,128
425,248.089738324546,148.37589933860485,128
426,7.170999572969869,146.73786188165255,128
427,242.19809293227794,148.05106176373428,128
428,204.31930073638134,147.66774289183215,128
429,218.73716738827636,150.0861295170858,128
430,-2.738775292675774,150.1131869018883,128
431,243.46745616243155,152.8284268637361,128
432,15.040430891732962,153.4825716650077,128
433,303.1023848705165,156.80538936907712,128
434,277.7613671674893,159.16857925953934,128
435,23.149381921193672,159.92047203954445,128
436,238.99904654538273,159.8424667009244,128
437,273.73336784150445,160.83233351237294,128
438,237.25473731853356,164.122621647315,128
439,194.79461445445577,165.82441641218378,128
440,288.5936977260039,166.8661415801217,128
441,264.9120194971923,169.41121397615615,128
442,173.7583315372318,171.44571787220414,128
443,231.79247196288318,174.95143329661448,128
444,284.84247668465093,177.29397092237912,128
445,95.78633535390745,176.19822814457987,128
446,241.16636238485177,177.7396426569013,128
447,263.70266357862636,177.99299062528314,128
448,-81.53322116846999,175.18017065175817,128
449,-136.6186309385294,173.9946717255936,128
450,220.16274542572933,177.07033981024125,128
451,-84.26978001585165,173.1673721399392,128
452,211.6996627116224,173.50707137648976,128
453,239.20368269637956,173.34182566802093,128
454,170.24335650475774,172.89724309948033,128
455,-145.04338384663828,169.19781513616056,128
456,282.348275261236,171.3972509537863,128
457,-63.91974035712538,168.5008730717409,128
458,237.13745509565888,168.2357656173411,128
459,270.11209705530905,170.16238191865648,128
460,195.83631443017708,169.71196298034596,128
461,214.132223177595,169.07728357480636,128
462,284.5749524850987,169.98155324484114,128
463,250.08160994037127,169.8533799210702,128
464,209.8066088003025,169.71442428124448,128
465,163.0929863559373,169.2360488878985,128
466,273.499431134991,169.9732847492987,128
467,-11.238785340820366,168.59924964418974,128
468,239.8789580981578,168.63084141418724,128
469,203.96460856584264,168.0046877555272,128
470,-353.6114409814028,162.31949517893588,128
471,-79.93117943143187,161.49746519412966,128
472,235.79937480209819,164.57710535090257,128
473,233.31236732997272,165.90443759239045,128
474,285.55960489774805,166.30062428800906,128
475,232.44070194765425,168.3763584379242,128
476,237.3408821095814,170.13209136853675,128
477,259.94505676804454,170.06372736851387,128
478,240.9240440425752,170.05154125258014,128
479,229.89783874951902,169.68327539563631,128
480,243.17248273579193,170.80168383369684,128
481,214.62356527972688,170.676313686327,128
482,105.83639080576074,172.41256415561213,128
483,273.65296235060043,172.93686738485226,128
484,243.23226279673173,173.76740810067002,128
485,239.90235694478974,173.36439865993205,128
486,259.47161389661676,173.93315654472673,128
487,249.26102683781812,173.6988569102704,128
488,226.91215220562168,173.843289688728,128
489,-12.421927429441967,171.7231078115363,128
490,224.59134525433308,172.9907038194584,128
491,230.9619436009315,173.45342654911613,128
492,241.4897515135001,175.16005567916483,128
493,255.73540801815807,177.356665175217,128
494,82.08689605755355,175.48909660589254,128
495,244.38863330101742,175.71657632613827,128
496,244.25167104479655,176.9456728281126,128
497,175.37682648806324,178.0424133331015,128
498,196.2829722902523,177.75958478463704,128
499,282.86448987410654,178.51930234668097,128
500,264.195845064604,178.81160524896777,128
501,261.8755204680949,179.01034481736357,128
502,223.5124075407714,178.6038709246296,128
503,237.97662468787775,178.91331766483444,128
504,-100.00494154114652,176.07258587819794,128
505,205.7470521863164,178.42971287406093,128
506,243.065003873312,180.9956297087748,128
507,241.1625667325373,181.47781242018323,128
508,277.4172413451572,181.8837619686343,128
509,277.79575655172215,185.00833113319564,128
510,242.79739044653897,184.90041420208175,128
511,257.7196523700063,185.3055691233238,128
512,268.6827907180135,186.84749061733493,128
513,275.7929442757641,187.12557288105708,128
514,227.6881040576027,187.1548849940974,128
515,-83.36089012006993,183.9467742825579,128
516,296.8514568409545,184.8413217549577,128
517,246.74047523226795,186.18124519893635,128
518,-155.47413709586837,182.8619983891521,128
519,254.30256623965147,183.2477278200384,128
520,272.05720566654213,183.6698654639992,128
521,260.2403532763983,183.89293845201377,128
522,274.33092084602663,186.65702647035818,128
523,251.4151424732857,187.20082546358674,128
524,287.6315207278459,187.66293742597387,128
525,288.64065558507343,188.06844659857913,128
526,242.62781149462268,190.42301471779567,128
527,274.25290994286854,190.74356288790162,128
528,228.32108556760926,190.98358073621384,128
529,271.00669806596136,191.5062760429907,128
530,272.71604605022793,194.26082425641974,128
531,248.4469621344153,194.31061931613957,128
532,241.17160738312276,196.5719310810535,128
533,279.64070508411646,196.33731428318947,128
534,234.06050524747013,195.9003056639893,128
535,246.7186628001275,198.13599847277865,128
536,180.85870827125845,197.55459509003742,128
537,258.38398639371246,197.4011012755595,128
538,248.11517126102348,197.50970561498443,128
539,259.2409090327096,198.15416856076692,128
540,-89.13843523013037,194.37684723120555,128
541,287.2952490233425,194.60067952646708,128
542,49.95801453740853,193.36267635646882,128
543,132.21991382845894,192.3669507751246,128
544,154.29197682363932,191.06144577651452,128
545,272.06611334688444,192.82424355644426,128
546,280.474506151696,193.2173249941127,128
547,246.7627682917361,193.0479260412438,128
548,270.3923382802931,196.56718163573143,128
549,272.4629930793197,200.6579978759099,128
1,-177.06931120695992,,256
2,-289.47026888470725,,256
3,7.156504464626863,,256
4,-691.2437367454424,,256
5,-416.90142640718614,,256
6,-450.39068957913133,,256
7,-362.9354396244649,,256
8,-612.7306334964018,,256
9,-354.79213010110817,,256
10,-253.68957162077191,,256
11,-129.4285647110949,,256
12,-226.4524964491199,,256
13,-244.8384941429327,,256
14,-290.5780079527872,,256
15,-268.12927098674174,,256
16,-456.1996666787106,,256
17,-482.5931010182281,,256
18,-538.9944031482257,,256
19,-356.2919582508034,,256
20,-287.2504823754531,,256
21,-205.71324942992283,,256
22,-160.48362091668707,,256
23,-145.36312775829398,,256
24,4.564441328017773,,256
25,-141.46423657671323,,256
26,-162.9450862227561,,256
27,-22.58415389273054,,256
28,-95.98971934812681,,256
29,-166.35431561304475,,256
30,-159.76721258930158,,256
31,-137.81418941831117,,256
32,-78.76512415905984,,256
33,122.40187838693406,,256
34,-65.14415553631453,,256
35,-64.11893943921591,,256
36,-50.036074573681724,,256
37,-65.8115773517805,,256
38,-120.75290360804203,,256
39,-6.373577506937561,,256
40,-30.178966586060113,,256
41,-144.64624317293783,,256
42,171.73504932001947,,256
43,26.551993418564223,,256
44,-51.231921994732346,,256
45,-15.304587858875983,,256
46,-267.6671575568372,,256
47,-183.09623834938165,,256
48,-70.32004379793408,,256
49,-107.60772495541494,,256
50,-287.8534016665607,,256
51,-35.875142993014805,,256
52,130.90336771776362,,256
53,104.21771012489454,,256
54,-173.92667835725683,,256
55,-93.34845348219504,,256
56,-93.64772431937317,,256
57,-69.28662171506728,,256
58,-169.285121735186,,256
59,-171.3656413565442,,256
60,-205.847812670934,,256
61,-113.92415592105182,,256
62,-92.67154913095585,,256
63,-108.4291212440045,,256
64,-239.62239709889448,,256
65,-188.04711940822602,,256
66,-177.94376255221113,,256
67,-178.4339318761259,,256
68,163.9912007667498,,256
69,-82.28140732959889,,256
70,86.56579155863291,,256
71,32.78590105229864,,256
72,40.00930189640073,,256
73,32.88433689611307,,256
74,44.83134207619172,,256
75,-203.1849584424116,,256
76,-16.919205507178575,,256
77,268.5560395864082,,256
78,205.3825111208744,,256
79,21.42975920728304,,256
80,119.87336307970419,,256
81,-195.61161091057568,,256
82,-37.21004909842199,,256
83,-120.87166144776113,,256
84,268.90018739902507,,256
85,38.65523652610739,,256
86,-15.665554241039672,,256
87,244.5288651223238,,256
88,-50.99219612138646,,256
89,-45.33898901499154,,256
90,202.46277634344852,,256
91,-68.16803769306085,,256
92,198.73216716081583,,256
93,256.03463169772397,,256
94,203.33517796800916,,256
95,-0.8572686074869349,,256
96,-54.3432197763683,,256
97,-76.57780034493531,,256
98,-79.81514231731745,,256
99,-49.34587140866187,,256
100,71.31306136428037,-100.38402813798952,256
101,132.4106259168741,-97.28922876675115,256
102,161.72815909090482,-92.77724448699504,256
103,-30.754498109643777,-93.15635451273776,256
104,-29.81399432584677,-86.54205708854181,256
105,197.89729126784243,-80.39406991179153,256
106,-91.85916182114224,-76.80875463421162,256
107,12.408477750531484,-73.05531546046167,256
108,215.55375329840805,-64.77247159251357,256
109,202.79865871057976,-59.196563704396695,256
110,-68.49628803696304,-57.344630868558596,256
111,-22.960816762102937,-56.27995338906869,256
112,125.59830555498866,-52.75944536902759,256
113,-27.571814338726004,-50.58677857098552,256
114,184.4941322521546,-45.836057168936115,256
115,154.9900789010492,-41.604863670058215,256
116,253.13400928858852,-34.51152691038521,256
117,248.73572771271697,-27.19823862307576,256
118,77.04142585924215,-21.03788033300108,256
119,282.1285471539496,-14.653675278953555,256
120,281.6291537486777,-8.964878917712248,256
121,238.36998283521302,-4.52404659506089,256
122,270.34407548837834,-0.21576963101023408,256
123,257.0262052590423,3.80812369916313,256
124,274.4988532007441,6.507467817890394,256
125,244.62094904595477,10.368319674117075,256
126,246.33835439865092,14.461154080331143,256
127,242.51434846305818,17.11213910388903,256
128,303.35072058022973,21.105543503172598,256
129,242.09721917941408,25.190058851097184,256
130,253.01020193716505,29.317832996361854,256
131,233.13094759251314,33.02728436647009,256
132,267.766480752219,36.492600415582885,256
133,-177.6566286296652,33.49201534541689,256
134,242.50059362270443,36.56846283700709,256
135,-195.60027023220368,35.2536495290772,256
136,278.8313922825088,38.542324197639104,256
137,223.65774081824955,41.437017379339416,256
138,245.10258940632843,45.09557230948312,256
139,102.56650868369817,46.184973171389466,256
140,250.73409479426917,48.99410378519276,256
141,268.8072942443202,53.12863915936535,256
142,-120.79390957135978,50.20334957045154,256
143,-136.82634910483492,48.56956614521756,256
144,-156.34241544321443,47.518461210732745,256
145,263.98477332872943,50.3113548226088,256
146,232.18621003344927,55.30988849851166,256
147,-180.91351350474008,55.33171574695807,256
148,273.93943109129054,58.774310495850315,256
149,224.97216228473752,62.10010936825184,256
150,266.69966288685265,67.64564001378598,256
151,241.97560835318416,70.42414752724795,256
152,251.24266538796675,71.62754050395,256
153,-140.05443798669933,69.18481902283405,256
154,230.98866431071286,73.23397244951374,256
155,271.28741110614453,76.88033109539715,256
156,-165.40117251887798,76.1627966134021,256
157,-213.27518754337484,74.72291095511903,256
158,-117.5830860395332,75.23993131207556,256
159,104.25058224072743,77.99609354804826,256
160,239.35328751094036,82.44810454986703,256
161,222.96142248041357,85.81696033388167,256
162,208.97040700263437,88.83337989521756,256
163,269.80904924579073,92.61576160011553,256
164,238.5096724071701,97.39708229517618,256
165,264.65690818201733,101.92412257107861,256
166,300.9043756908526,106.71260395350924,256
167,254.91557352050998,111.0460990074756,256
168,213.32009697193848,111.53938796952747,256
169,243.60704077963814,114.79827245061985,256
170,188.62569152901818,115.8188714503237,256
171,230.0058166070131,117.79107060587084,256
172,212.76615693402124,119.51863915624706,256
173,201.2774845450623,121.20257063273657,256
174,296.7973448337667,123.72223066031232,256
175,260.1574198446032,128.35565444318246,256
176,219.98387807805403,130.7246852790348,256
177,97.41711529092406,129.01329603607994,256
178,296.5491763477668,129.92496268834887,256
179,274.30664694325355,132.45373156570858,256
180,225.5630741518471,133.51062867643,256
181,266.0185415260054,138.12693020079584,256
182,263.4503416495295,141.13353410827534,256
183,152.82126342374974,143.87046335699043,256
184,208.5414596797207,143.26687607979738,256
185,121.85533756120913,144.0988770901484,256
186,217.8527343295542,146.43405997585432,256
187,208.5815338650404,146.0745866632815,256
188,-55.87195841391138,146.02578904035627,256
189,234.9756364587706,148.82893529509386,256
190,219.34528447663496,148.99776037642573,256
191,211.46842272578886,151.79412498061424,256
192,255.048640049821,152.3572897095043,256
193,265.7528837958887,152.45447223048592,256
194,71.696376377843,151.13808421458427,256
195,198.6318069593143,153.1329749702523,256
196,189.12766976335826,155.56768386564954,256
197,197.77068413566724,158.31116871045558,256
198,190.51090882250173,161.01442922185376,256
199,38.035426716307654,161.88824220310346,256
200,219.08021517551896,163.36591374121588,256
201,17.181214485652006,162.21361962690364,256
202,-8.897110269411527,160.50736693330046,256
203,216.47392116933463,162.97965112609023,256
204,225.07852007224562,165.52857627007117,256
205,262.7323472806499,166.17692683019922,256
206,271.8080060219086,169.81359850862972,256
207,226.71368279275578,171.956650559052,256
208,226.68289070961447,172.06794193316404,256
209,52.22610423632358,170.56221638842152,256
210,197.85838122617923,173.2257630810529,256
211,44.99931653210575,173.90536441399502,256
212,270.4888199896627,175.35426955834177,256
213,253.32151731812723,178.16320287491027,256
214,185.69581624696045,178.17521971485837,256
215,281.17942538226544,179.4371131796705,256
216,236.71573924155578,179.2729304792002,256
217,282.86254715609937,179.614198673634,256
218,254.06280648238078,181.38441247986543,256
219,263.8988440685998,181.2021154490119,256
220,252.83293103451462,180.91415322187027,256
221,225.11870755688668,180.781640469087,256
222,244.4516993066272,180.5227167072695,256
223,233.13786955942567,180.2838333502733,256
224,258.85377768742285,180.12738259514012,256
225,246.82558092119294,180.14942891389248,256
226,216.59035985669442,179.8519489684729,256
227,291.6863841053596,180.34366932489593,256
228,282.7955299847787,180.1381174189414,256
229,249.76500100276948,180.21479523717494,256
230,258.92131402459756,180.27390635804932,256
231,267.56330750734924,180.61822995719768,256
232,254.18554362363537,180.48242058591185,256
233,226.33002908936294,184.52228716310216,256
234,260.83559077481755,184.7056371346233,256
235,241.25847796924472,189.0742246166378,256
236,256.12826308749754,188.84719332468768,256
237,245.3977189033675,189.06459310553882,256
238,256.4243571921462,189.177810783397,256
239,246.239173988109,190.61453743644114,256
240,68.42483422077471,188.7914448307062,256
241,239.6906754169037,188.50027864243202,256
242,225.88412824823007,191.9670590206279,256
243,248.35924000252027,195.81891491170143,256
244,244.11015007534735,199.82344056688703,256
245,259.67900296948454,199.78038286329462,256
246,254.4851514375089,200.0033722773352,256
