Episode,Score,Average Score,gamma
1,-249.09773960083487,,0.985
2,-36.29038489479418,,0.985
3,-1141.8976343991656,,0.985
4,-1529.5643084459848,,0.985
5,-1179.909524380819,,0.985
6,-868.6269762870664,,0.985
7,-6487.199272120681,,0.985
8,-1265.4079154697947,,0.985
9,-623.8057868724904,,0.985
10,-645.0171453968308,,0.985
11,-558.9781539258753,,0.985
12,-223.9047469839052,,0.985
13,-459.64016305332217,,0.985
14,-358.6530949776594,,0.985
15,-368.2812816935366,,0.985
16,-451.8206339318101,,0.985
17,-42.606092623770536,,0.985
18,-114.64287871996274,,0.985
19,-186.01877545465624,,0.985
20,-370.29658971935305,,0.985
21,-216.60391658746192,,0.985
22,-298.8514501578916,,0.985
23,-240.4473940668892,,0.985
24,-181.53663320987334,,0.985
25,-233.7367930195373,,0.985
26,-172.6510295960227,,0.985
27,-264.1365882456976,,0.985
28,-276.15035868851146,,0.985
29,-198.1251621773703,,0.985
30,-234.87971558650898,,0.985
31,-265.52560157110463,,0.985
32,-198.80177018494487,,0.985
33,-186.67200808350998,,0.985
34,-175.63922037837358,,0.985
35,-445.58658831449435,,0.985
36,139.65798060948254,,0.985
37,-243.31797297282463,,0.985
38,-156.10044767848183,,0.985
39,-163.26698071610687,,0.985
40,-224.61059085541297,,0.985
41,-164.871627825866,,0.985
42,-173.83980623905722,,0.985
43,-252.00706168901905,,0.985
44,-149.5184743169766,,0.985
45,-236.26319259121001,,0.985
46,-197.7778803908265,,0.985
47,-195.74601864715436,,0.985
48,-82.24837279491314,,0.985
49,-460.2154206068604,,0.985
50,-289.4410631716868,,0.985
51,-149.5831836770987,,0.985
52,-37.06039242869493,,0.985
53,-154.41353032969718,,0.985
54,-230.45569835816352,,0.985
55,-151.70430495929253,,0.985
56,-120.48400608573439,,0.985
57,-83.06057156584498,,0.985
58,-28.308892202597185,,0.985
59,-94.95355247660325,,0.985
60,-65.45682143366103,,0.985
61,-129.55636888250706,,0.985
62,-134.22435787204958,,0.985
63,-148.3678594539865,,0.985
64,-127.74867098771598,,0.985
65,-54.64559736698577,,0.985
66,-448.6754059079195,,0.985
67,-128.53286901312237,,0.985
68,-120.01095782598539,,0.985
69,-154.95209072282762,,0.985
70,-22.50882944278348,,0.985
71,-201.6990454139285,,0.985
72,-55.80145812480034,,0.985
73,-41.99244701011908,,0.985
74,-214.19481638955943,,0.985
75,-191.1278202492831,,0.985
76,-105.41403180067024,,0.985
77,-219.42890056993286,,0.985
78,-80.33638357703767,,0.985
79,-47.108191480112495,,0.985
80,-40.00637138982328,,0.985
81,-83.76279433802362,,0.985
82,-284.8691735056492,,0.985
83,-37.451671392528795,,0.985
84,-116.72850896897619,,0.985
85,-71.37256904990205,,0.985
86,-19.013392595055336,,0.985
87,-24.233715861363986,,0.985
88,-110.4896978849543,,0.985
89,-39.15404063820908,,0.985
90,-175.89414709916048,,0.985
91,-95.20590595011679,,0.985
92,-57.13346943517369,,0.985
93,-59.0510644888033,,0.985
94,-101.36059940931457,,0.985
95,-97.07624384088068,,0.985
96,-54.82280108218558,,0.985
97,-48.04042846414439,,0.985
98,-28.838310988777568,,0.985
99,-67.27100031337372,,0.985
100,-68.20178025610358,-290.2235500126865,0.985
101,-7.9143367505953215,-287.8117159841841,0.985
102,-24.31222252215659,-287.69193436045776,0.985
103,-16.288819948199503,-276.43584621594806,0.985
104,-49.643732569111386,-261.63664045717934,0.985
105,-43.80966467955485,-250.27564186016673,0.985
106,-10.293832636239149,-241.69231042365848,0.985
107,-76.39873548421747,-177.58430505729385,0.985
108,10.169959915657115,-164.82852630343933,0.985
109,-75.20220736845339,-159.34249050839895,0.985
110,-30.632882863221994,-153.19864788306285,0.985
111,-60.849406111936915,-148.21736040492345,0.985
112,5.3443912546862276,-145.92486902253756,0.985
113,-31.95941673148104,-141.64806155931913,0.985
114,58.092094063970194,-137.48060966890284,0.985
115,-24.53195775260909,-134.04311642949358,0.985
116,-53.74062375758622,-130.06231632775135,0.985
117,-28.718948205194387,-129.9234448835656,0.985
118,-73.34196313692252,-129.5104357277352,0.985
119,-16.40067070611532,-127.8142546802498,0.985
120,-65.40036953863986,-124.76529247844265,0.985
121,-23.70952184695328,-122.83634853103757,0.985
122,-28.41433240555353,-120.13197735351417,0.985
123,-49.670475943722195,-118.22420817228249,0.985
124,-27.79744280495358,-116.68681626823327,0.985
125,-11.004800174627924,-114.45949633978418,0.985
126,-34.30238053915315,-113.07600984921548,0.985
127,-72.93115755186489,-111.16395554227715,0.985
128,-102.80038625658409,-109.43045581795788,0.985
129,-40.194232219343284,-107.8511465183776,0.985
130,-97.06153193520451,-106.47296468186454,0.985
131,-69.1701592723378,-104.50941025887691,0.985
132,-36.31336174247144,-102.88452617445219,0.985
133,-53.85229117025439,-101.55632900531964,0.985
134,-22.43065682021654,-100.02424336973807,0.985
135,-307.4888417786259,-98.64326590437939,0.985
136,-242.5841222000076,-102.46568693247427,0.985
137,-200.36941934301973,-102.03620139617624,0.985
138,-22.10696247112871,-100.69626654410268,0.985
139,-518.2867917225188,-104.24646465416681,0.985
140,-404.18560276641347,-106.04221477327683,0.985
141,-57.47826208372081,-104.96828111585539,0.985
142,-295.3810202921485,-106.18369325638629,0.985
143,-285.11425154560766,-106.51476515495219,0.985
144,33.16469234146222,-104.68793348836778,0.985
145,-78.37713646162406,-103.10907292707192,0.985
146,-518.342983110476,-106.31472395426843,0.985
147,-328.3598632265742,-107.6408624000626,0.985
148,-49.555188612077664,-107.31393055823426,0.985
149,-45.30532944250237,-103.16482964659068,0.985
150,-55.30364313622611,-100.82345544623605,0.985
151,-86.59419289228227,-100.19356553838789,0.985
152,-72.0780426250778,-100.54374204035173,0.985
153,-77.76827550585682,-99.77728949211333,0.985
154,-47.39308026521596,-97.94666331118385,0.985
155,-58.305307324839646,-97.01267333483933,0.985
156,-42.62224005975811,-96.23405567457957,0.985
157,-79.85287325596424,-96.20197869148075,0.985
158,-26.82626845502285,-96.187152454005,0.985
159,-87.19494417101735,-96.10956637094914,0.985
160,-74.83610864685953,-96.20335924308112,0.985
161,-47.60240958997272,-95.38381965015577,0.985
162,-70.80018318647173,-94.7495779033,0.985
163,-131.7286627236891,-94.58318593599702,0.985
164,-64.23414978783042,-93.94804072399816,0.985
165,-74.27349956150947,-94.14431974594343,0.985
166,-107.41906384232445,-90.73175632528748,0.985
167,-40.89142111129973,-89.85534184626925,0.985
168,-107.24879187826456,-89.72772018679206,0.985
169,-89.62493860386732,-89.07444866560245,0.985
170,-77.4928018875219,-89.62428839004983,0.985
171,-75.4350092304891,-88.3616480282154,0.985
172,-82.22268809612191,-88.62586032792863,0.985
173,-155.88812482519435,-89.76481710607939,0.985
174,-226.16061517544057,-89.88447509393819,0.985
175,-120.83916385843825,-89.18158853002977,0.985
176,-119.93408133860909,-89.32678902540916,0.985
177,-71.48450605525895,-87.84734508026241,0.985
178,-111.51246281030434,-88.15910587259508,0.985
179,-95.07969554628349,-88.63882091325678,0.985
180,-118.94709088107189,-89.42822810816928,0.985
181,-126.87483390792967,-89.85934850386833,0.985
182,-122.88806117047181,-88.23953738051655,0.985
183,-112.50245188824356,-88.99004518547372,0.985
184,-110.59400073324694,-88.92870010311641,0.985
185,-137.36380194235304,-89.5886124320409,0.985
186,-117.46058672665,-90.57308437335683,0.985
187,-57.30177427405737,-90.90376495748379,0.985
188,-98.37277117505917,-90.78259569038484,0.985
189,-132.09699405327876,-91.71202522453555,0.985
190,-74.41228937898572,-90.69720664733383,0.985
191,-118.02703049582698,-90.92541789279092,0.985
192,-99.13855949961287,-91.34546879343532,0.985
193,-114.06336715535726,-91.89559182010083,0.985
194,-60.46675799037179,-91.4866534059114,0.985
195,-121.15764132944976,-91.72746738079712,0.985
196,-92.3466707524977,-92.10270607750023,0.985
197,-102.11424280103675,-92.64344422086916,0.985
198,-114.72733596090355,-93.50233447059041,0.985
199,-71.96922322577355,-93.54931669971442,0.985
200,-59.97858961889634,-93.46708479334235,0.985
201,-66.27012733809255,-94.05064269921729,0.985
202,-67.49364774634296,-94.48245695145916,0.985
203,-83.10107190200756,-95.15057947099723,0.985
204,-91.44862418521795,-95.56862838715828,0.985
205,9.168941317726254,-95.03884232718548,0.985
206,-127.39709569426513,-96.20987495776573,0.985
207,-57.68001545536892,-96.02268775747727,0.985
208,-54.575011006507204,-96.6701374666989,0.985
209,-59.403176230769674,-96.51214715532207,0.985
210,-65.68533738427364,-96.86267170053259,0.985
211,183.12100854854125,-94.42296755392779,0.985
212,-43.64302995608854,-94.91284176603554,0.985
213,202.2816962779359,-92.57043063594138,0.985
214,211.16700497574442,-91.03968152682364,0.985
215,199.015576323456,-88.80420618606298,0.985
216,-68.00405275125807,-88.9468404759997,0.985
217,-72.23046727976154,-89.38195566674536,0.985
218,-29.420941788832035,-88.94274545326446,0.985
219,-130.5334647634903,-90.08407339383822,0.985
220,-110.1379619847492,-90.53144931829931,0.985
221,-81.32869183669183,-91.1076410181967,0.985
222,-84.9902086828921,-91.67339978097009,0.985
223,-78.44728796836985,-91.96116790121654,0.985
224,-101.51141395746869,-92.6983076127417,0.985
225,-134.44908584821468,-93.93275046947755,0.985
226,220.87905380534005,-91.38093612603265,0.985
227,197.2026540658726,-88.67959800985528,0.985
228,-83.44208041482177,-88.48601495143765,0.985
229,-116.59211687623478,-89.24999379800656,0.985
230,-116.37163301440023,-89.44309480879852,0.985
231,-91.39026481628024,-89.66529586423795,0.985
232,29.24259069915138,-89.00973633982171,0.985
233,-123.26772826429199,-89.7038907107621,0.985
234,22.67573067290904,-89.25282683583086,0.985
235,-71.96367399521323,-86.89757515799673,0.985
236,234.98871241479912,-82.12184681184867,0.985
237,-87.76969923632379,-80.9958496107817,0.985
238,-106.38293816176227,-81.83860936768804,0.985
239,-50.22450662911767,-77.15798651675402,0.985
240,183.9337352821691,-71.27679313626818,0.985
241,-80.34996114287033,-71.50551012685969,0.985
242,50.20587664488869,-68.0496411574893,0.985
243,-38.47092395601336,-65.58320788159337,0.985
244,-49.1715071586159,-66.40656987659415,0.985
245,207.46179958679372,-63.548180516109966,0.985
246,-3.1174918089343038,-58.395925603094554,0.985
247,-47.901111168034554,-55.591338082509154,0.985
248,-63.00856596974133,-55.7258718560858,0.985
249,262.0912898323122,-52.65190566333766,0.985
250,-83.31920843462125,-52.93206131632161,0.985
251,45.030674260406215,-51.61581264479472,0.985
252,73.41675045606092,-50.16086471398333,0.985
253,163.02734144832328,-47.752908544441524,0.985
254,197.25772088579436,-45.30640053293142,0.985
255,-17.90443678416159,-44.902391827524646,0.985
256,-48.08702960854306,-44.957039723012485,0.985
257,196.59074741715477,-42.19260351628131,0.985
258,143.8895936383173,-40.485444895347904,0.985
259,37.4840346842781,-39.23865510679496,0.985
260,113.64274160121053,-37.35386660431424,0.985
261,249.08778115480558,-34.386964696866464,0.985
262,202.44652439122132,-31.654497621089533,0.985
263,-20.858157305860033,-30.545792566911242,0.985
264,39.31667499717568,-29.510284319061185,0.985
265,144.3237777373283,-27.324311546072803,0.985
266,236.6141283227531,-23.883979624422032,0.985
267,198.06625875719794,-21.494402825737062,0.985
268,121.47222192216756,-19.207192687732736,0.985
269,41.190099672561146,-17.899042304968454,0.985
270,36.17363721370446,-16.762377913956186,0.985
271,-103.95301736784656,-17.04755799532976,0.985
272,3.1082062672791055,-16.19424905169575,0.985
273,115.66190749190764,-13.478748728524732,0.985
274,-102.82149820163784,-12.245357558786704,0.985
275,-68.84260845015372,-11.72539200470386,0.985
276,-34.47515252510061,-10.870802716568774,0.985
277,197.44046862472376,-8.181552969768946,0.985
278,-58.74703402394624,-7.653898681905364,0.985
279,-42.07401027716557,-7.123841829214184,0.985
280,-40.79165948133088,-6.342287515216775,0.985
281,217.8556178229731,-2.894982997907747,0.985
282,-0.3135602885817712,-1.6692379890888467,0.985
283,66.92678756267856,0.1250544054203742,0.985
284,36.035688769170974,1.5913513004445536,0.985
285,33.62677496406859,3.301257069508769,0.985
286,72.50686279430641,5.200931564718334,0.985
287,116.8984552168236,6.942933859627144,0.985
288,111.35534375970802,9.040215008974815,0.985
289,-17.451784723578992,10.186667102271812,0.985
290,86.88809705462678,11.799670966607934,0.985
291,145.43073615499128,14.434248633116121,0.985
292,-114.08937376519526,14.2847404904603,0.985
293,156.14808765372456,16.98685503855112,0.985
294,72.08447359051736,18.312367354360006,0.985
295,-15.545170298547426,19.368492064669034,0.985
296,116.94872425080169,21.461446014702023,0.985
297,249.5508897880831,24.978097340593227,0.985
298,240.4667663138488,28.530038363340754,0.985
299,154.83694812489097,30.798100076847394,0.985
300,184.82673929508988,33.246153365987254,0.985
301,210.98224346968814,36.01867707406506,0.985
302,-13.13807495948287,36.56223280193367,0.985
303,273.8858089664627,40.13210161061837,0.985
304,114.96198953544119,42.19620774782496,0.985
305,-4.936116611896064,42.05515716852873,0.985
306,185.73950674931103,45.186523192964486,0.985
307,265.57501751761833,48.41907352269436,0.985
308,118.22629013178468,50.14708653407728,0.985
309,247.72458705045864,53.21836416688956,0.985
310,237.62820115906328,56.25149955232293,0.985
311,19.317574646078175,54.613465213298305,0.985
312,209.6838537369741,57.146734050228936,0.985
313,116.60435997362933,56.28996068718587,0.985
314,256.4754841795949,56.74304547922438,0.985
315,121.92218500038356,55.97211156599364,0.985
316,268.38347083588906,59.33598680186512,0.985
317,115.00849178633581,61.20837639252609,0.985
318,192.8987149014414,63.43157295942881,0.985
319,54.686675902754324,65.28377436609128,0.985
320,6.7440619553214685,66.45259460549198,0.985
321,30.528566614484856,67.57116719000375,0.985
322,118.80736515220556,69.60914292835471,0.985
323,237.91941780360312,72.77280998607445,0.985
324,281.7645007403934,76.60556913305307,0.985
325,222.20268751308643,80.17208686666609,0.985
326,-52.70272050725951,77.4362691235401,0.985
327,-105.13535372237529,74.41288904565762,0.985
328,-34.3543113076234,74.90376673672961,0.985
329,-53.42134193222839,75.53547448616968,0.985
330,-38.425453090526965,76.3149362854084,0.985
331,1.9619564645169807,77.24845849821637,0.985
332,30.109895756399336,77.25713154878883,0.985
333,43.88779608009667,78.92868679223272,0.985
334,198.57134284364804,80.68764291394012,0.985
335,115.56866428881187,82.56296629678036,0.985
336,48.93769818622815,80.70245615449466,0.985
337,214.4329921598466,83.72448306845638,0.985
338,236.10641659470863,87.14937661602107,0.985
339,131.07112353514466,88.9623329176637,0.985
340,10.46257824563358,87.22762134729834,0.985
341,235.58511774313067,90.38697213615835,0.985
342,234.73915171614573,92.23230488687092,0.985
343,231.42303243821226,94.93124445081315,0.985
344,-106.12922017839608,94.36166732061534,0.985
345,-31.38471966511868,91.97320212809623,0.985
346,206.90087117041202,94.0733857578897,0.985
347,72.66622203455232,95.27905908991558,0.985
348,190.34533970031077,97.8125981466161,0.985
349,193.21039192458989,97.12378916753887,0.985
350,238.90210368489704,100.34600228873406,0.985
351,252.78637686580842,102.4235593147881,0.985
352,210.47596281275077,103.79415143835496,0.985
353,-31.46572805512291,101.84922074332052,0.985
354,177.02021473070425,101.6468456817696,0.985
355,214.49818473477785,103.970871896959,0.985
356,-48.53465963873447,103.96639559665708,0.985
357,231.01203080138475,104.31060843049937,0.985
358,246.82722724501673,105.33998476656637,0.985
359,59.208157450952065,105.55722599423311,0.985
360,232.57225658646368,106.74652114408565,0.985
361,176.13592546468482,106.01700258718445,0.985
362,108.3813536833079,105.07635088010532,0.985
363,158.49260933756236,106.86985854653955,0.985
364,134.79326031507404,107.82462439971854,0.985
365,108.81490794544546,107.4695357017997,0.985
366,242.29876713238764,107.52638208989607,0.985
367,104.00477509519095,106.58576725327599,0.985
368,220.80435025414602,107.57908853659578,0.985
369,118.43508937423732,108.35153843361253,0.985
370,82.34549588453942,108.81325702032089,0.985
371,260.6826587663378,112.45961378166272,0.985
372,187.52983194243535,114.30383003841429,0.985
373,71.84656558615343,113.86567661935675,0.985
374,122.43443681410965,116.1182359695142,0.985
375,230.1337639070268,119.107999693086,0.985
376,-19.310572710281235,119.25964549123421,0.985
377,206.62335410603808,119.35147434604734,0.985
378,-47.572489816159674,119.46321978812523,0.985
379,217.97440615932592,122.06370395249014,0.985
380,127.4188058618925,123.74580860592239,0.985
381,206.44575100073558,123.63170993770004,0.985
382,75.76704835365791,124.39251602412241,0.985
383,209.6184534169306,125.81943268266492,0.985
384,219.66288225607127,127.65570461753391,0.985
385,215.24086472626576,129.4718455151559,0.985
386,235.48950658364268,131.10167195304925,0.985
387,264.6777623294224,132.57946502417522,0.985
388,200.6366363705157,133.47227795028329,0.985
389,275.40222187309826,136.4008180162501,0.985
390,-24.110969331601382,135.29082735238782,0.985
391,20.84288722246164,134.04494886306253,0.985
392,20.486544015542222,135.3907080408699,0.985
393,187.51060021930095,135.70433316652566,0.985
394,2.86277498822885,135.01211618050277,0.985
395,212.4857523501898,137.29242540699016,0.985
396,232.10078783962996,138.44394604287842,0.985
397,252.58647737180104,138.4743019187156,0.985
398,14.039893885249072,136.2100331944296,0.985
399,235.02738619004515,137.01193757508116,0.985
400,280.52644425390383,137.9689346246693,0.985
401,34.43093327984232,136.2034215227708,0.985
402,139.85595270324427,137.7333617993981,0.985
403,277.83708133804225,137.77287452311393,0.985
404,248.20036277678756,139.10525825552736,0.985
405,266.69222888213216,141.82154171046764,0.985
406,-52.3101334792023,139.44104530818248,0.985
407,48.556679281760296,137.2708619258239,0.985
408,232.82358493506916,138.41683487385677,0.985
409,245.6780026203773,138.39636902955598,0.985
410,262.2188947495697,138.64227596546104,0.985
411,213.40913212771596,140.5831915402774,0.985
412,196.13679272858195,140.4477209301935,0.985
413,250.20854815143267,141.78376281197154,0.985
414,227.9133926781068,141.49814189695667,0.985
415,232.84139371132062,142.607333984066,0.985
416,209.44802381986963,142.01797951390583,0.985
417,145.58202092643697,142.32371480530682,0.985
418,250.49183515295772,142.89964600782199,0.985
419,102.3042545335106,143.37582179412956,0.985
420,245.4383584879011,145.76276475945534,0.985
421,115.64844035285469,146.61396349683903,0.985
422,208.71615865271775,147.51305143184416,0.985
423,169.7536619407456,146.83139387321557,0.985
424,250.9265955952175,146.52301482176384,0.985
425,-22.26833099676565,144.07830463666534,0.985
426,89.14462290624483,145.49677807080036,0.985
427,189.9377180486684,148.4475087885108,0.985
428,6.148715751494176,148.85253905910196,0.985
429,244.21389623651234,151.82889144078936,0.985
430,36.72189283522943,152.58036490004693,0.985
431,220.6355800441069,154.76710113584284,0.985
432,41.941886084969,154.88542103912852,0.985
433,221.71127078219763,156.66365578614955,0.985
434,51.94048177613493,155.19734717547442,0.985
435,26.195279868574733,154.30361333127203,0.985
436,248.57466875707252,156.29998303698048,0.985
437,217.37382633813104,156.32939137876332,0.985
438,262.1469208982035,156.58979642179827,0.985
439,240.1686278685041,157.68077146513187,0.985
440,-34.34119274869511,157.23273375518858,0.985
441,223.4785166913921,157.11166774467122,0.985
442,-28.275752655830328,154.48151870095143,0.985
443,239.8381264823587,154.5656696413929,0.985
444,-95.66511349329663,154.67031070824387,0.985
445,88.91447889305644,155.87330269382565,0.985
446,221.46315832205448,156.0189255653421,0.985
447,82.13996320315441,156.11366297702813,0.985
448,4.000129061659393,154.2502108706416,0.985
449,-20.738381705950815,152.11072313433618,0.985
450,193.00410569493147,151.65174315443653,0.985
451,229.16226187466538,151.4155020045251,0.985
452,-118.40492628391632,148.12669311355842,0.985
453,131.8185797346291,149.75953619145594,0.985
454,104.8567227757741,149.03790127190663,0.985
455,240.20516321369695,149.29497105669583,0.985
456,252.83975027606542,152.30871515584383,0.985
457,255.3963840124075,152.55255868795405,0.985
458,36.44452929325229,150.4487317084364,0.985
459,-133.31807196758479,148.52346941425103,0.985
460,114.14595642457579,147.33920641263217,0.985
461,219.47364911952405,147.77258364918055,0.985
462,259.2678942936345,149.28144905528382,0.985
463,257.04246048175,150.2669475667257,0.985
464,251.18820346289314,151.43089699820385,0.985
465,266.7345359925537,153.01009327867496,0.985
466,255.68737092775274,153.14397931662862,0.985
467,249.8342618222955,154.60227418389965,0.985
468,268.0945360095387,155.0751760414536,0.985
469,-180.23622325042444,152.088462915207,0.985
470,262.11546556517317,153.88616261201332,0.985
471,272.43047927374135,154.00364081708736,0.985
472,255.4036862193247,154.68237935985627,0.985
473,-241.17479412371966,151.5521657627575,0.985
474,246.4356321199687,152.79217771581614,0.985
475,253.32548299906549,153.02409490673648,0.985
476,275.0513843906099,155.9677144777454,0.985
477,-114.87921818126476,152.75268875487237,0.985
478,271.63208448403964,155.94473449787438,0.985
479,-100.13957408671516,152.76359469541396,0.985
480,289.3950603193531,154.38335723998856,0.985
481,17.56996562040125,152.4945993861852,0.985
482,280.5486034392379,154.542414937041,0.985
483,232.2168128925704,154.7683985317974,0.985
484,281.3163886453905,155.3849335956906,0.985
485,230.2087809151557,155.53461275757948,0.985
486,296.15803458318925,156.14129803757496,0.985
487,264.7990821900589,156.14251123618135,0.985
488,245.12940794516578,156.58743895192782,0.985
489,275.7584183795992,156.59100091699284,0.985
490,263.23219749657727,159.4644325852746,0.985
491,218.47523500670894,161.4407560631171,0.985
492,245.41500254315426,163.69004064839322,0.985
493,297.58282841672093,164.7907629303674,0.985
494,285.4158163190459,167.61629334367558,0.985
495,247.9383388454946,167.97081920862863,0.985
496,267.11437117203025,168.32095504195263,0.985
497,239.22980988589157,168.18738836709355,0.985
498,-172.67778315175573,166.32021159672348,0.985
499,297.3239383714693,166.9431771185377,0.985
500,305.59344013666157,167.19384707736532,0.985
501,224.3494405761462,169.09303215032836,0.985
502,23.123402690832506,167.92570665020423,0.985
503,265.65278589459285,167.80386369576973,0.985
504,260.922644147827,167.93108650948017,0.985
505,-128.9383628321947,163.97478059233686,0.985
506,235.11500150874795,166.84903194221639,0.985
507,48.53125318690948,166.84877768126785,0.985
508,-85.86453704016822,163.6618964615155,0.985
509,278.07080822549744,163.9858245175667,0.985
510,239.01824186849763,163.75381798875597,0.985
511,267.35474166215283,164.29327408410035,0.985
512,263.80116609542597,164.9699178177688,0.985
513,-84.09566944158186,161.62687564183864,0.985
514,246.48425217805016,161.81258423683806,0.985
515,256.8153433383104,162.05232373310798,0.985
516,272.9682972154063,162.68752646706335,0.985
517,252.05265117638092,163.75223276956277,0.985
518,-40.98195265297307,160.83749489150344,0.985
519,263.40211891401873,162.44847353530855,0.985
520,263.0791322758323,162.62488127318787,0.985
521,292.30386104336105,164.39143548009292,0.985
522,248.6316031970544,164.7905899255363,0.985
523,241.35290751139107,165.50658238124277,0.985
524,241.26092762519022,165.40992570154248,0.985
525,252.3196363844376,168.1558053753545,0.985
526,269.1338894894167,169.95569804118622,0.985
527,-60.735188229669205,167.4489689784029,0.985
528,289.0388192520422,170.27787001340832,0.985
529,292.248672044013,170.75821777148332,0.985
530,281.64572359704516,173.2074560791015,0.985
531,233.38737467507562,173.33497402541119,0.985
532,268.87385754579793,175.60429374001944,0.985
533,297.8373210220881,176.36555424241837,0.985
534,201.85492174494144,177.86469864210645,0.985
535,121.44770478976177,178.81722289131835,0.985
536,240.75427997581832,178.73901900350577,0.985
537,276.85856675462037,179.33386640767068,0.985
538,259.89491865419996,179.31134638523065,0.985
539,249.6696256227724,179.40635636277332,0.985
540,251.67146485675914,182.26648293882786,0.985
541,259.202993100919,182.62372770292316,0.985
542,273.2049127610203,185.63853435709163,0.985
543,272.5301368895442,185.96545446116346,0.985
544,259.75474872288953,189.51965308332535,0.985
545,280.74196505022917,191.4379279448971,0.985
546,243.10467634200913,191.65434312509663,0.985
547,269.601855447818,193.52896204754327,0.985
548,227.8441688629453,195.76740244555612,0.985
549,250.53990187390687,198.48018528135472,0.985
550,31.371840806501268,196.8638626324704,0.985
551,-23.369556079302498,194.33854445293073,0.985
552,272.04271184440154,198.2430208342139,0.985
553,246.31114437607505,199.3879464806284,0.985
554,104.78121874679417,199.38719144033854,0.985
555,227.68536310968025,199.26199343929838,0.985
556,276.59632515244505,199.49955918806216,0.985
557,-45.62171704368481,196.48937817750127,0.985
558,232.8440597034648,198.45337348160336,0.985
559,-233.63241590420014,197.45023004223722,0.985
560,275.2234506046981,199.06100498403845,0.985
561,244.17561852708056,199.30802467811398,0.985
562,237.97634623728297,199.09510919755044,0.985
563,243.59019949625355,198.96058658769553,0.985
564,239.6987319426411,198.845691872493,0.985
565,264.1861972933161,198.82020848550061,0.985
566,309.5382424717642,199.35871720094073,0.985
567,250.29177114823432,199.3632922942001,0.985
568,267.86776148927026,199.36102454899745,0.985
569,102.61791122524738,202.18956589375415,0.985
1,-228.24723750545147,,0.99
2,-101.4845199580357,,0.99
3,-71.69571479563533,,0.99
4,-729.4524490076147,,0.99
5,-899.5412981425985,,0.99
6,-750.9618634342661,,0.99
7,-757.4790638437784,,0.99
8,-648.4284713232901,,0.99
9,-701.2541112407397,,0.99
10,-609.2649463316213,,0.99
11,-497.15018566793606,,0.99
12,-1017.7618532590506,,0.99
13,-649.4735741168092,,0.99
14,-1254.790484865055,,0.99
15,-717.844294057807,,0.99
16,-1005.839044033303,,0.99
17,-1111.7557200496287,,0.99
18,-1001.2920368961129,,0.99
19,-1948.664190542421,,0.99
20,-763.9669107878078,,0.99
21,-864.319145320697,,0.99
22,-505.3516530631337,,0.99
23,-545.6658913610446,,0.99
24,-348.5586056211648,,0.99
25,-414.0372698580293,,0.99
26,-723.2450409227332,,0.99
27,-1229.93663008323,,0.99
28,-943.3659052610359,,0.99
29,-767.8308232863727,,0.99
30,-1059.9118886649144,,0.99
31,-772.145073301069,,0.99
32,-759.4601245739043,,0.99
33,-1240.471527103778,,0.99
34,-818.6138324812316,,0.99
35,-792.7658354648653,,0.99
36,-736.4655723405839,,0.99
37,-1382.6052991747274,,0.99
38,-761.545979657928,,0.99
39,-1032.1405631863654,,0.99
40,-1026.5380805185755,,0.99
41,-788.6796659990882,,0.99
42,-1397.1710673354023,,0.99
43,-659.1813022916937,,0.99
44,-556.5822897550486,,0.99
45,-671.8531721282872,,0.99
46,-647.1071928271903,,0.99
47,-587.2871736388655,,0.99
48,-678.6468647013526,,0.99
49,-676.5480412901811,,0.99
50,-612.9010902016831,,0.99
51,-534.3633196695253,,0.99
52,-275.69626319833617,,0.99
53,-291.11291811470653,,0.99
54,-308.1794734620713,,0.99
55,-282.49378164029133,,0.99
56,-262.94932518709123,,0.99
57,-306.77153652777906,,0.99
58,-323.3034177275317,,0.99
59,-326.00814072149126,,0.99
60,-306.64572968151714,,0.99
61,-296.4197542449366,,0.99
62,-273.23791934393006,,0.99
63,-290.3781432263237,,0.99
64,-337.2173508574926,,0.99
65,-320.4255521024287,,0.99
66,-318.78845142525756,,0.99
67,-333.94779074148687,,0.99
68,-317.9158129339353,,0.99
69,-296.9146900509329,,0.99
70,-317.00224190570987,,0.99
71,-325.3523671729522,,0.99
72,-294.1609674185959,,0.99
73,-336.8685081864895,,0.99
74,-363.1538668062238,,0.99
75,-267.4355813699751,,0.99
76,-270.55506268837854,,0.99
77,-298.0508676540661,,0.99
78,-292.24944775825816,,0.99
79,-351.7321364980193,,0.99
80,-333.86549748362086,,0.99
81,-331.27521426996543,,0.99
82,-290.11604845914167,,0.99
83,-296.28067730762774,,0.99
84,-266.48528873539215,,0.99
85,-280.9311076714606,,0.99
86,-295.69883670364254,,0.99
87,-308.20088603309887,,0.99
88,-314.6841170911825,,0.99
89,-333.5259967129059,,0.99
90,-330.77424528060345,,0.99
91,-313.26885444661,,0.99
92,-368.0122279682914,,0.99
93,-273.5715904731328,,0.99
94,-242.75885131466345,,0.99
95,-371.9160889229532,,0.99
96,-315.88116728004303,,0.99
97,-229.72549527744928,,0.99
98,-264.9168892109111,,0.99
99,-279.94459982610283,,0.99
100,-234.57568934016822,-548.6302035939784,0.99
101,-225.56343642873034,-548.6033655832111,0.99
102,-248.31542481571998,-550.071674631788,0.99
103,-109.2669205333168,-550.4473866891649,0.99
104,-81.61490369445288,-543.9690112360332,0.99
105,-525.9321126371481,-540.2329193809787,0.99
106,-211.57537822919994,-534.8390545289282,0.99
107,-53.51598201750313,-527.7994237106655,0.99
108,-102.52605795039497,-522.3403995769364,0.99
109,-66.89393141223943,-515.9967977786514,0.99
110,-314.274788146488,-513.0468961968,0.99
111,-93.58284210983804,-509.01122276121913,0.99
112,-197.74042120346323,-500.81100844066316,0.99
113,-96.6647644831372,-495.2829203443265,0.99
114,171.02784784411102,-481.0247370172348,0.99
115,215.11381845601522,-471.6951558920965,0.99
116,-219.7236406009987,-463.8340018577735,0.99
117,-91.16649510253957,-453.62810960830257,0.99
118,-229.91514455085434,-445.91434068484995,0.99
119,-176.27825398180983,-428.1904813192439,0.99
120,-120.76166480753015,-421.7584288594411,0.99
121,-264.6530005427925,-415.761767411662,0.99
122,112.36431479803491,-409.58460773305035,0.99
123,-196.35582202206524,-406.09150703966066,0.99
124,-92.73271088696491,-403.5332480923187,0.99
125,-107.48988323145988,-400.4677742260529,0.99
126,-122.4068375825842,-394.45939219265136,0.99
127,-177.18924455207016,-383.9319183373398,0.99
128,-219.4191337990324,-376.6924506227198,0.99
129,-182.3995294025691,-370.8381376838817,0.99
130,-136.57977568304977,-361.6048165540631,0.99
131,-183.14351760410415,-355.7148009970935,0.99
132,-155.73224859282658,-349.67752223728263,0.99
133,-168.91686311798836,-338.9619755974247,0.99
134,-107.76124906907621,-331.8534497633032,0.99
135,-165.0399109506472,-325.57619051816107,0.99
136,-150.4065189108385,-319.7155999838636,0.99
137,-127.79867178713152,-307.16753370998765,0.99
138,-307.0830120601309,-302.6229040340097,0.99
139,-248.36645716050833,-294.7851629737511,0.99
140,-179.55188142375965,-286.31530098280297,0.99
141,-216.6021170221837,-280.59452549303387,0.99
142,-150.74674170967853,-268.1302822367767,0.99
143,-267.035178145808,-264.2088209953178,0.99
144,-121.13398584462412,-259.85433795621356,0.99
145,-153.03192592607263,-254.66612549419145,0.99
146,-221.88581452159622,-250.41391171113548,0.99
147,-121.99848773075229,-245.76102485205436,0.99
148,-146.1695008443901,-240.43625121348472,0.99
149,-284.8804466076237,-236.51957526665916,0.99
150,-261.7636929694389,-233.0082012943367,0.99
151,-165.25873510096818,-229.31715544865114,0.99
152,-245.53265673590911,-229.01551938402687,0.99
153,-310.31778360640766,-229.20756803894386,0.99
154,-268.0664093809903,-228.80643739813306,0.99
155,-335.2837848828371,-229.33433743055855,0.99
156,-217.62468957966632,-228.8810910744843,0.99
157,-368.38898413030836,-229.4972655505096,0.99
158,-297.3260362076204,-229.2374917353105,0.99
159,-306.2131349879611,-229.03954167797517,0.99
160,-284.2439539475025,-228.81552392063503,0.99
161,-306.2487735463019,-228.9138141136487,0.99
162,-262.8252699454109,-228.80968761966346,0.99
163,-139.78336606760274,-227.3037398480763,0.99
164,-156.47064635524072,-225.49627280305376,0.99
165,-32.52404957096677,-222.6172577777391,0.99
166,-244.04073188171793,-221.86978058230375,0.99
167,-161.62955457291048,-220.146598220618,0.99
168,-225.12862986624629,-219.2187263899411,0.99
169,-240.61753069301946,-218.65575479636198,0.99
170,-296.8591167802184,-218.45432354510706,0.99
171,-231.08085927634633,-217.51160846614096,0.99
172,-235.32561763105366,-216.92325496826558,0.99
173,-236.720787915738,-215.92177776555803,0.99
174,-212.93111038486796,-214.41955020134446,0.99
175,-184.2205053022912,-213.5873994406676,0.99
176,-181.32888133442324,-212.69513762712805,0.99
177,-217.61595602624368,-211.8907885108498,0.99
178,-53.38609397997016,-209.50215497306698,0.99
179,-209.85437981720233,-208.08337740625882,0.99
180,-204.51844523406027,-206.78990688376322,0.99
181,-116.73232777203154,-204.64447801878387,0.99
182,-237.37568085018293,-204.11707434269428,0.99
183,-60.237309306060006,-201.75664066267862,0.99
184,-250.64571578688694,-201.59824493319357,0.99
185,-2.786422103377137,-198.81679807751271,0.99
186,-93.1233475223784,-196.79104318570006,0.99
187,-72.17778585185529,-194.43081218388764,0.99
188,-184.77739957030818,-193.13174500867888,0.99
189,-78.22308599255835,-190.57871590147542,0.99
190,-141.7740727062466,-188.68871417573183,0.99
191,29.54589603309941,-185.2605666709348,0.99
192,-43.2725540567381,-182.01316993181925,0.99
193,142.80996717592308,-177.8493543553287,0.99
194,-65.36643320150267,-176.07543017419707,0.99
195,27.51077782494346,-172.0811615067181,0.99
196,-76.75629578466874,-169.68991279176433,0.99
197,-135.75804116509318,-168.75023825064076,0.99
198,-23.608881790201863,-166.3371581764337,0.99
199,-37.90882479519411,-163.9168004261246,0.99
200,-66.6319521683999,-162.23736305440693,0.99
201,-69.16458398447244,-160.67337452996435,0.99
202,-63.447604426117465,-158.82469632606833,0.99
203,8.355713103444913,-157.6484699897007,0.99
204,-17.999412863113633,-157.0123150813873,0.99
205,232.8402476618836,-149.424591478397,0.99
206,-132.94124914455605,-148.63825018755057,0.99
207,-84.51799860070716,-148.94827035338258,0.99
208,-89.73872870395097,-148.82039706091817,0.99
209,-188.06954588717883,-150.03215320566756,0.99
210,168.83649446327175,-145.20104037956997,0.99
211,-29.069427232448206,-144.55590623079607,0.99
212,231.79242924930153,-140.26057772626845,0.99
213,19.31089149987868,-139.10082116643827,0.99
214,-33.1173914875456,-141.1422735597548,0.99
215,135.5432983856431,-141.93797876045855,0.99
216,-147.74207067922933,-141.21816306124083,0.99
217,30.30011108943508,-140.0034969993211,0.99
218,-61.54245291856701,-138.31977008299825,0.99
219,112.92221135999567,-135.42776542958018,0.99
220,-20.217628767841127,-134.4223250691833,0.99
221,220.43021249050742,-129.57149293885027,0.99
222,-0.5983984240818074,-130.70112007107144,0.99
223,9.538589729529471,-128.6421759535555,0.99
224,-84.4613307069697,-128.55946215175555,0.99
225,-37.07621510236664,-127.8553254704646,0.99
226,-41.64923747757885,-127.04774946941457,0.99
227,-134.2030668086346,-126.61788769198021,0.99
228,-118.6472045138828,-125.61016839912872,0.99
229,-174.0126540290729,-125.52629964539378,0.99
230,-168.80097680970547,-125.84851165666032,0.99
231,-105.30866925073823,-125.07016317312666,0.99
232,-89.95928263675319,-124.41243351356592,0.99
233,-152.19773191876766,-124.24524220157372,0.99
234,185.6526685304283,-121.31110302557867,0.99
235,240.92444026871172,-117.25145951338509,0.99
236,-122.27153105791379,-116.97010963485582,0.99
237,-139.4711313797364,-117.08683423078188,0.99
238,-60.674427723529945,-114.62274838741587,0.99
239,173.0571035613873,-110.4085127801969,0.99
240,-149.9499978579682,-110.112493944539,0.99
241,-79.1549841407258,-108.73802261572442,0.99
242,-152.92531938077803,-108.75980839243539,0.99
243,-133.6806195463375,-107.4262628064407,0.99
244,170.8366700381111,-104.50655624761337,0.99
245,-246.59073703127163,-105.44214435866537,0.99
246,251.81956458766047,-100.70509056757278,0.99
247,184.22986863191286,-97.64280700394615,0.99
248,272.8581886216899,-93.45253010928532,0.99
249,283.08344834541646,-87.7728911597549,0.99
250,241.43390255348095,-82.7409152045257,0.99
251,150.52998088904764,-79.58302804462555,0.99
252,208.87747011679664,-75.03892677609852,0.99
253,-76.09554627409588,-72.69670440277538,0.99
254,-90.37786348144638,-70.91981894377993,0.99
255,207.6949764471574,-65.49003133048,0.99
256,-50.80590614779377,-63.821843496161264,0.99
257,-82.94331734020624,-60.96738682826024,0.99
258,-80.64963962789473,-58.80062286246299,0.99
259,-53.62421311088859,-56.27473364369226,0.99
260,-92.14873131797131,-54.35378141739696,0.99
261,-28.40548261515139,-51.575348508085455,0.99
262,-32.93790613343557,-49.2764748699657,0.99
263,-48.451908078980736,-48.363160290079485,0.99
264,-52.251981263850844,-47.32097363916559,0.99
265,27.935514362283545,-46.716377999833085,0.99
266,3.923670557667246,-44.236733975439236,0.99
267,8.18176999069432,-42.538620729803185,0.99
268,-68.64357423847193,-40.973770173525445,0.99
269,21.040998896089842,-38.35718487763435,0.99
270,-101.55880484370738,-36.40418175826924,0.99
271,-85.73428642529404,-34.950716029758716,0.99
272,1.7747490831612873,-32.57971236261657,0.99
273,-88.9883569339791,-31.102388052798982,0.99
274,-15.242285337332014,-29.125499802323617,0.99
275,36.65322521112789,-26.916762497189428,0.99
276,-105.99415207711331,-26.16341520461632,0.99
277,-119.52858014944876,-25.18254144584838,0.99
278,231.86069545487297,-22.33007355149994,0.99
279,-48.57788368512343,-20.717308590179154,0.99
280,182.52572921445707,-16.84686684569398,0.99
281,148.22893229587203,-14.19725424501495,0.99
282,55.673350579152846,-11.266763930721593,0.99
283,198.91359191222838,-8.675254918538707,0.99
284,68.34105551886421,-5.485387205481195,0.99
285,-96.49944349732326,-6.4225174194206565,0.99
286,226.4894047150836,-3.226389897046036,0.99
287,159.86595222077463,-0.9059525163197386,0.99
288,104.30444107677818,1.9848658901511258,0.99
289,216.7112421294978,4.934209171371687,0.99
290,198.00936239104655,8.33204352234462,0.99
291,244.9882154121248,10.486466716134874,0.99
292,177.04342996736003,12.689626556375854,0.99
293,-68.64219782752545,10.57510490634137,0.99
294,200.88193921261887,13.237588630482584,0.99
295,231.06075122890175,15.273088364522167,0.99
296,-6.147720168692359,15.97917412068193,0.99
297,240.14070437606043,19.738161576093468,0.99
298,237.49051281484006,22.349155522143892,0.99
299,-114.00070843225255,21.588236685773303,0.99
300,-46.85864335841544,21.78596977387315,0.99
301,75.99432427509818,23.237558856468855,0.99
302,173.50460973596725,25.6070809980897,0.99
303,183.8617716745081,27.36214158380033,0.99
304,-145.99002112953335,26.082235501136132,0.99
305,141.8660273914175,25.172493298431473,0.99
306,-108.13516091868115,25.420554180690218,0.99
307,76.92243454900077,27.034958512187295,0.99
308,225.96826325677517,30.192028431794554,0.99
309,256.89520557190656,34.64167594638541,0.99
310,193.0030108632556,34.88334111038525,0.99
311,236.2328149373752,37.536363532083485,0.99
312,210.64245745144254,37.324863814104894,0.99
313,200.40266733780976,39.13578157248421,0.99
314,247.8843636411042,41.94579912377071,0.99
315,209.6397889244938,42.68676402915922,0.99
316,258.39515493076067,46.748136285259115,0.99
317,176.89686489525923,48.21410382331735,0.99
318,240.34150495734266,51.23294340207645,0.99
319,240.35331363406723,52.50725442481716,0.99
320,86.23571120396879,53.57178782453528,0.99
321,65.21823982969421,52.019668097927145,0.99
322,178.648153923792,53.81213362140589,0.99
323,154.80324805555225,55.26478020466611,0.99
324,-232.03894456367655,53.78900406609904,0.99
325,232.59134038735107,56.48567962099621,0.99
326,86.40919600022812,57.76626395577428,0.99
327,209.24316308923986,61.200726254753015,0.99
328,215.48672745298973,64.54206557442176,0.99
329,75.92191646936396,67.0414112794061,0.99
330,236.2972314454686,71.09239336195786,0.99
331,219.26781061322072,74.33815816059744,0.99
332,232.06133853805605,77.55836437234554,0.99
333,249.91430761426295,81.57948476767584,0.99
334,227.62254558137698,81.99918353818533,0.99
335,211.90095382293038,81.70894867372753,0.99
336,244.38851759653528,85.37554916027202,0.99
337,88.28170257636678,87.65307749983305,0.99
338,98.84879220773207,89.24830969914568,0.99
339,90.46942492696716,88.42243291280148,0.99
340,13.457722457417672,90.05651011595532,0.99
341,69.00865620405656,91.53814651940314,0.99
342,132.41476893306955,94.3915474025416,0.99
343,127.05358767417566,96.99888947474676,0.99
344,203.728486574215,97.32780764010778,0.99
345,216.4074772669773,101.95778978309028,0.99
346,149.64132231920928,100.93600736040577,0.99
347,52.43022318572603,99.6180109059439,0.99
348,182.28546223539598,98.71228364208093,0.99
349,221.47652342283754,98.09621439285516,0.99
350,238.61402731684692,98.06801564048882,0.99
351,242.21334893647315,98.9848493209631,0.99
352,200.6018772699391,98.90209339249452,0.99
353,140.04364224868644,101.06348527772235,0.99
354,256.5261849709839,104.53252576224664,0.99
355,252.73334928751822,104.98290949065027,0.99
356,214.4581247570436,107.63554979969865,0.99
357,263.99985399978823,111.1049815130986,0.99
358,254.6374489645441,114.45785239902298,0.99
359,-89.91311660943833,114.09496336403748,0.99
360,256.1531079703054,117.57798175692024,0.99
361,185.09865961526268,119.71302317922438,0.99
362,-321.85709692165597,116.82383127134217,0.99
363,227.15503014609328,119.57990065359292,0.99
364,-101.97611984205665,119.08265926781085,0.99
365,100.98356369057902,119.81313976109381,0.99
366,250.50756954426038,122.27897875095977,0.99
367,30.0480502840702,122.49764155389352,0.99
368,219.70447649433592,125.38112206122159,0.99
369,129.21681975119685,126.46288026977268,0.99
370,278.95011729260887,130.26796949113583,0.99
371,223.0863474797104,133.35617583018583,0.99
372,195.77561429874393,135.29618448234166,0.99
373,184.01008091455074,138.02616886082697,0.99
374,267.8201758903481,140.85679347310378,0.99
375,181.89375733686848,142.3091987943612,0.99
376,184.9009339518965,145.21814965465128,0.99
377,-48.91495561726429,145.92428589997314,0.99
378,217.4492401420136,145.78017134684453,0.99
379,171.39422269244068,147.97989241062018,0.99
380,184.41004104974766,147.9987355289731,0.99
381,144.43025881730915,147.96074879418745,0.99
382,286.9122241099007,150.27313752949493,0.99
383,-14.907878702464885,148.13492282334803,0.99
384,270.92392260103395,150.16075149416972,0.99
385,126.37000085176726,152.3894459376606,0.99
386,245.1286311879732,152.57583820238952,0.99
387,239.4738013311986,153.37191669349377,0.99
388,238.81815110122855,154.71705379373824,0.99
389,-30.89539379155329,152.2409874345277,0.99
390,256.3174607782937,152.82406841840017,0.99
391,228.87279296559177,152.66291419393485,0.99
392,232.1508367383332,153.2139882616446,0.99
393,234.21867891398597,156.24259702905974,0.99
394,-25.719460737235252,153.97658302956117,0.99
395,225.2820336933346,153.91879585420548,0.99
396,171.81554872589217,155.69842854315132,0.99
397,273.68697971243,156.03389129651504,0.99
398,147.79545719178924,155.1369407402845,0.99
399,252.253226846745,158.7994800930745,0.99
400,174.35799285505124,161.0116464552092,0.99
401,266.0773782631294,162.9124769950895,0.99
402,-35.687818833584885,160.82055270939398,0.99
403,153.22997783137725,160.51423477096267,0.99
404,222.48628640180476,164.19899784627603,0.99
405,197.59579071942747,164.75629547955614,0.99
406,232.25011168011176,168.16014820554406,0.99
407,144.36861320875317,168.8346099921416,0.99
408,-628.8372478660879,160.28655488091297,0.99
409,-68.45360945619444,157.03306673063196,0.99
410,254.62165165038397,157.64925313850327,0.99
411,251.58967621552569,157.80282175128477,0.99
412,264.91158619645887,158.3455130387349,0.99
413,237.56903178215947,158.7171766831784,0.99
414,219.17387242309323,158.4300717709983,0.99
415,174.59506267894704,158.0796245085428,0.99
416,219.518760108396,157.69086056031915,0.99
417,244.84636435333505,158.3703555548999,0.99
418,242.4695734261478,158.391636239588,0.99
419,257.4570060804141,158.56267316405146,0.99
420,234.234968409953,160.0426657361113,0.99
421,192.87727966178971,161.31925613443227,0.99
422,-103.34695402158763,158.49930505497846,0.99
423,125.43114441158102,158.20558401853873,0.99
424,210.16681877428914,162.6276416519184,0.99
425,223.97864257190884,162.54151467376397,0.99
426,143.06993219879604,163.10812203574963,0.99
427,249.2376151568854,163.50806655642612,0.99
428,227.36646044869377,163.62686388638315,0.99
429,273.5634974073957,165.60327969576346,0.99
430,249.5353505185474,165.73566088649426,0.99
431,177.17310252214554,165.31471380558352,0.99
432,256.09508504289937,165.55505127063196,0.99
433,273.24416081190077,165.7883498026083,0.99
434,137.34126561688842,164.88553700296342,0.99
435,279.2259228816904,165.55878669355104,0.99
436,131.88849017429501,164.43378641932864,0.99
437,267.18133462377716,166.22278273980274,0.99
438,-74.75152452589695,164.48677957246645,0.99
439,282.08896669728347,166.4029749901696,0.99
440,222.88203018807516,168.4972180674762,0.99
441,261.14618747603816,170.418593380196,0.99
442,271.33650182613655,171.80781070912673,0.99
443,271.13202826924476,173.24859511507736,0.99
444,228.25106244022683,173.49382087373746,0.99
445,-29.502950585512025,171.03471659521256,0.99
446,224.83576502559134,171.78666102227643,0.99
447,223.78278308318647,173.500186621251,0.99
448,-91.7902880331707,170.75942911856535,0.99
449,123.77109024706834,169.78237478680768,0.99
450,177.07542205763073,169.1669887342155,0.99
451,211.64574821491289,168.86131272699987,0.99
452,250.9119913029695,169.3644138673302,0.99
453,94.43008703871159,168.90827831523046,0.99
454,1.2859201366987794,166.35587566688758,0.99
455,260.2323032882269,166.4308652068947,0.99
456,226.43915531881692,166.55067551251247,0.99
457,225.70778889384047,166.16775486145292,0.99
458,225.5994381436516,165.877374753244,0.99
459,198.7797141943408,168.7643030612818,0.99
460,249.86644912778155,168.70143647285656,0.99
461,240.7556992035148,169.25800686873902,0.99
462,203.0064041974745,174.50664187993036,0.99
463,238.0078007898823,174.61516958636824,0.99
464,270.5403633916022,178.3403344187048,0.99
465,157.42305573068705,178.9047293391059,0.99
466,283.10150030444817,179.2306686467078,0.99
467,249.2788474203741,181.42297661807086,0.99
468,217.3489616676183,181.39942146980368,0.99
469,230.80146300831544,182.41526790237486,0.99
470,-20.53910140230765,179.42037571542573,0.99
471,-284.64373227720154,174.3430749178566,0.99
472,221.2890882838442,174.5982096577076,0.99
473,-162.35548567235693,171.13455399183852,0.99
474,-6.277567710294818,168.39357655583208,0.99
475,24.65913891621847,166.82123037162557,0.99
476,63.78007569100291,165.61002178901666,0.99
477,222.62007129394425,168.3253720581287,0.99
478,-14.183346871986913,166.0090461879887,0.99
479,229.4463467636494,166.5895674287008,0.99
480,174.24773061829399,166.4879443243863,0.99
481,246.84413399624194,167.5120830761756,0.99
482,270.6088370695088,167.34904920577165,0.99
483,-53.0378585063591,166.96774940773278,0.99
484,31.90035267747107,164.57751370849712,0.99
485,266.7238855662687,165.98105255564212,0.99
486,230.0286962243421,165.8300532060058,0.99
487,288.2388282157276,166.3177034748511,0.99
488,-290.3523162961854,161.02599880087698,0.99
489,238.27360206102676,163.71768875940276,0.99
490,262.7184364554212,163.78169851617406,0.99
491,200.33368822553652,163.4963074687735,0.99
492,43.3564626464192,161.60836372785437,0.99
493,-43.12020867160667,158.83497485199842,0.99
494,109.65080957629964,160.18867755513378,0.99
495,-33.11025705108911,157.60475464768956,0.99
496,257.81649056743436,158.46476406610498,0.99
497,11.371115371588914,155.84160542269657,0.99
498,209.07111777960375,156.45436202857468,0.99
499,175.2275362820978,155.68410512292823,0.99
500,-153.24852676209196,152.4080399267568,0.99
501,241.04666539289178,152.1577327980544,0.99
502,217.11020532561932,154.68571303964646,0.99
503,236.92718980560338,155.52268515938871,0.99
504,250.34207492752336,155.8012430446459,0.99
505,144.52199798644065,155.27050511731605,0.99
506,228.23008286720682,155.23030482918696,0.99
507,-19.775937851329147,153.58885931858615,0.99
508,180.29780387050175,161.68020983595207,0.99
509,209.14515654711093,164.4561974959851,0.99
510,9.949635493412984,162.00947733441538,0.99
511,203.44027656787165,161.52798333793885,0.99
512,212.19052745330632,161.0007727505073,0.99
513,241.49695488513547,161.0400519815371,0.99
514,-328.528142146948,155.56303183583665,0.99
515,-308.86279892109746,150.7284532198362,0.99
516,24.962212168191584,148.78288774043418,0.99
517,255.89001892767803,148.8933242861776,0.99
518,250.76491990727826,148.9762777509889,0.99
519,-316.86004973001695,143.23310719288463,0.99
520,236.88604060470985,143.25961791483218,0.99
521,232.64665567931576,143.65731167500743,0.99
522,236.31158622282817,147.0538970774516,0.99
523,-2.6407185848936052,145.77317844748686,0.99
524,251.23288146208876,146.18383907436487,0.99
525,209.77120508750747,146.04176469952083,0.99
526,264.6525733282573,147.25759111081544,0.99
527,157.45736552501552,146.33978861449677,0.99
528,107.27024069297538,145.13882641693957,0.99
529,-88.42093769588442,141.51898206590675,0.99
530,229.59674815893842,141.31959604231065,0.99
531,116.1432724365058,140.70929774145426,0.99
532,209.8468209350799,140.24681510037607,0.99
533,225.92347640579834,139.77360825631504,0.99
534,259.50134097075033,140.99520900985368,0.99
535,200.5081269218864,140.20803105025564,0.99
536,-123.03815707980651,137.6587645777146,0.99
537,47.19462005717827,135.45889743204862,0.99
538,256.06309617296745,138.76704363903727,0.99
539,193.05819421517612,137.8767359142162,0.99
540,243.9476605164884,138.08739221750034,0.99
541,-50.19621258557296,134.97396821688423,0.99
542,236.41262080462664,134.62472940666913,0.99
543,94.23763376888525,132.85578546166553,0.99
544,-34.57164234155832,130.2275584138477,0.99
545,213.65697530732382,132.65915767277605,0.99
546,143.10083957785127,131.84180841829865,0.99
547,225.33456990705992,131.8573262865374,0.99
548,-5.810190441310127,132.717127262456,0.99
549,199.99330702632,133.4793494302485,0.99
550,247.27707531027164,134.18136596277492,0.99
551,236.31714151927383,134.4280798958185,0.99
552,198.17116782414067,133.90067166103023,0.99
553,245.23797694340197,135.40875056007715,0.99
554,271.6609797850149,138.1125011565603,0.99
555,255.63848079867617,138.0665629316648,0.99
556,5.819834661866071,135.86036972509527,0.99
557,-66.89781702237241,132.93431366593316,0.99
558,256.41406256712634,133.2424599101679,0.99
559,-138.95654400608552,129.86509732816364,0.99
560,-19.001695058668105,127.17641588629913,0.99
561,101.61359617500064,125.78499485601398,0.99
562,182.77237574484315,125.58265457148768,0.99
563,186.36735582426434,125.06625012183149,0.99
564,214.34629567679968,124.50430944468347,0.99
565,257.6970898279038,125.50704978565564,0.99
566,-69.0832763639032,121.98520201897212,0.99
567,238.58307232307158,121.8782442679991,0.99
568,197.47618100831386,121.67951646140608,0.99
569,57.439897504325046,119.94590080636617,0.99
570,232.90264972948304,122.48031831768407,0.99
571,-122.35357264663666,124.10321991398972,0.99
572,144.54621105477625,123.33579114169903,0.99
573,241.96964239529018,127.37904242237549,0.99
574,-23.712843997920714,127.20468965949924,0.99
575,-190.60978107776134,125.05200045955942,0.99
576,179.35755315841723,126.20777523423358,0.99
577,76.45378068660727,124.7461123281602,0.99
578,-72.04938014442212,124.16745199543584,0.99
579,192.5229523325257,123.79821805112459,0.99
580,206.3199010960371,124.11893975590203,0.99
581,-160.2445458797868,120.04805295714175,0.99
582,161.50356398173506,118.95700022626403,0.99
583,-15.49759578310443,119.33240285349657,0.99
584,199.77084567949186,121.01110778351676,0.99
585,195.5732010626699,120.2996009384808,0.99
586,254.87682670669503,120.54808224330432,0.99
587,193.45054485611564,119.60019940970822,0.99
588,238.2726743511969,124.88644931618204,0.99
589,127.29013736114804,123.77661466918323,0.99
590,210.9451881119397,123.25888218574842,0.99
591,221.468101026532,123.47022631375839,0.99
592,-19.998159258203202,122.83668009471215,0.99
593,139.29839205320198,124.66086610196025,0.99
594,216.8398403793857,125.73275640999111,0.99
595,185.23955864307706,127.91625456693276,0.99
596,-86.27926543306909,124.47529700692772,0.99
597,125.10567570820538,125.61264261029388,0.99
598,194.2711158535722,125.46464259103357,0.99
599,-28.962762462100088,123.4227396035916,0.99
600,-107.40129726474144,123.88121189856511,0.99
601,79.26608170751862,122.26340606171138,0.99
602,-122.74569179492431,118.86484709050593,0.99
603,-71.1379681836725,115.78419551061319,0.99
604,193.20730871649093,115.21284784850286,0.99
605,188.7774200804896,115.65540206944335,0.99
606,102.56412091887702,114.39874244996003,0.99
607,-136.22243532968332,113.2342774751765,0.99
608,-127.82728543419057,110.15302658212956,0.99
609,240.9954791167446,110.47152980782592,0.99
610,164.85823440380187,112.02061579692977,0.99
611,197.7284913540998,111.96349794479207,0.99
612,-65.22691686307428,109.18932350162828,0.99
613,-101.82547825511959,105.75609917022575,0.99
614,-74.3693299629799,108.29768729206543,0.99
615,134.8408191776476,112.73472347305285,0.99
616,149.38042657257245,113.97890561709666,0.99
617,196.63422857318767,113.38634771355177,0.99
618,251.1851334195174,113.39054984867417,0.99
619,168.1619346534195,118.24076969250854,0.99
620,226.9018525064509,118.14092781152594,0.99
621,201.65595374228735,117.83102079215566,0.99
622,165.1170876781573,117.11907580670895,0.99
623,180.45353720076025,118.9500183645655,0.99
624,242.24648047337897,118.86015435467839,0.99
625,216.25137996984415,118.92495610350176,0.99
626,125.04755051533108,117.52890587537252,0.99
627,-51.87391072981206,115.43559311282422,0.99
628,243.76280148423697,116.80051872073686,0.99
629,-55.1268813175599,117.1334592845201,0.99
630,242.84287167747857,117.26592051970549,0.99
631,-41.911099344721,115.68537680189321,0.99
632,-189.7917403482649,111.68899118905976,0.99
633,-37.95864819308845,109.05016994307088,0.99
634,233.50682803241153,108.79022481368752,0.99
635,179.9276211278757,108.58441975574742,0.99
636,80.99016003630855,110.62470292690855,0.99
637,-89.01496291347043,109.26260709720208,0.99
638,-148.15824755621492,105.22039365991024,0.99
639,239.92971467487936,105.68910886450728,0.99
640,167.45646588316322,104.92419691817402,0.99
641,-60.79995005934674,104.81815954343627,0.99
642,215.43296418204991,104.6083629772105,0.99
643,210.48669891684116,105.77085362869008,0.99
644,254.90522699848603,108.6656223220905,0.99
645,-58.87375013701092,105.94031506764715,0.99
646,-62.980891000816,103.87949776186048,0.99
647,-61.7644013726782,101.00850804906311,0.99
648,-46.78743127885517,100.59873564068766,0.99
649,224.90599811036876,100.84786255152814,0.99
650,2.3327488400725542,98.39841928682615,0.99
651,237.47256082268945,98.40997347986031,0.99
652,206.287012432655,98.49113192594545,0.99
653,130.8894380567027,97.34764653707845,0.99
654,-9.2816010053904,94.53822072917441,0.99
655,245.42322119094223,94.43606813309708,0.99
656,252.08773649563352,96.89874715143476,0.99
657,265.6533481753414,100.22425880341189,0.99
658,251.1961736097402,100.17207991383802,0.99
659,-35.18736185490849,101.2097717353498,0.99
660,2.8498455238894422,101.42828714117537,0.99
661,-202.67049272368968,98.38544625218847,0.99
662,187.91567356407137,98.43687923038074,0.99
663,201.50164960230143,98.58822216816114,0.99
664,234.80688364472493,98.79282804784039,0.99
665,13.560379581581216,96.35146094537717,0.99
666,-18.18731553956762,96.8604205536205,0.99
667,252.11719557350446,96.99576178612485,0.99
668,-65.1488316099508,94.36951165994218,0.99
669,181.1146815567399,95.60625950046634,0.99
670,204.65205608558466,95.32375356402734,0.99
671,181.96042022614716,98.36689349275517,0.99
672,-159.57733275723203,95.32565805463511,0.99
673,183.96926284990843,94.74565425918131,0.99
674,-467.9636138841029,90.30314656031948,0.99
675,197.6264062897958,94.18550843399504,0.99
676,-211.44889336973893,90.27744396871348,0.99
677,264.7555649417668,92.16046181126505,0.99
678,254.93594075176796,95.43031502022696,0.99
679,242.95402598275732,95.93462575672929,0.99
680,111.42226444289251,94.98564939019784,0.99
681,245.5200634917408,99.04329548391311,0.99
682,192.8237694104351,99.35649753820013,0.99
683,-44.377686462195385,99.0676966314092,0.99
684,225.01094317762943,99.32009760639059,0.99
685,208.83761526730294,99.4527417484369,0.99
686,213.6880002608426,99.04085348397841,0.99
687,215.72197224828062,99.26356775790005,0.99
688,225.1322434722133,99.13216344911021,0.99
689,258.19079177730134,100.44116999327174,0.99
690,-371.9445063263104,94.61227304888924,0.99
691,169.85661446585593,94.09615818328248,0.99
692,237.04117055124257,96.66655148137694,0.99
693,278.471423667119,98.05828179751612,0.99
694,-7.406732021889866,95.81581607350336,0.99
695,-100.93578518126448,92.95406263525994,0.99
696,-299.8240242372788,90.81861504721783,0.99
697,269.5595273401102,92.26315356353689,0.99
698,233.71993025700183,92.65764170757119,0.99
699,232.30944049315227,95.2703637371237,0.99
700,22.744931663056306,96.57182602640168,0.99
701,-188.68071262302078,93.89235808309628,0.99
702,23.99629786855209,95.35977797973102,0.99
703,242.80959292432541,98.49925359081102,0.99
704,-38.857157063986975,96.17860893300623,0.99
705,227.52293150560618,96.5660640472574,0.99
706,254.41893127132502,98.08461215078187,0.99
707,-243.5848292606465,97.01098821147227,0.99
708,260.9852046339688,100.89911311215387,0.99
709,213.63294388541294,100.62548775984057,0.99
710,-46.21738938008078,98.51473152200172,0.99
711,13.339819151136268,96.67084479997212,0.99
712,-148.34264975798294,95.83968747102303,0.99
713,-142.46617443064446,95.43328050926775,0.99
714,238.23204978630733,98.55929430676063,0.99
715,143.71655870518956,98.64805170203604,0.99
716,242.22626544593072,99.5765100907696,0.99
717,239.57022080518914,100.00587001308965,0.99
718,-27.4429343986029,97.21958933490845,0.99
719,301.01369256793726,98.54810691405362,0.99
720,181.00415477332882,98.08912993672241,0.99
721,206.8367306703276,98.1409377060028,0.99
722,268.20994608043776,99.17186629002563,0.99
723,-184.76684250357823,95.51966249298222,0.99
724,-1.2522022715117913,93.08467566553331,0.99
725,182.3735469112209,92.74589733494707,0.99
726,256.3804951411033,94.05922678120481,0.99
727,20.066052501121632,94.77862641351413,0.99
728,-339.0309553150792,88.95068884552096,0.99
729,50.17615364810979,90.00371919517767,0.99
730,279.95467586412116,90.37483723704409,0.99
731,191.00142893430618,92.70396251983435,0.99
732,35.36829132259311,94.95556283654292,0.99
733,14.909793943795885,95.48424725791179,0.99
734,-18.40638564455503,92.9651151211421,0.99
735,275.66780719020977,93.92251698176545,0.99
736,243.2235360614712,95.54485074201708,0.99
737,-79.64698511572604,95.6385305199945,0.99
738,267.96705795514515,99.79978357510812,0.99
739,269.75068653586385,100.09799329371799,0.99
740,98.96611280912698,99.41308976297763,0.99
741,-12.754927625668415,99.8935399873144,0.99
742,-9.563669954183425,97.64357364595207,0.99
743,229.30375029312543,97.83174415971493,0.99
744,152.02382419292206,96.80293013165927,0.99
745,211.79832180363587,99.50965085106574,0.99
746,-13.314417164072267,100.00631558943319,0.99
747,257.4984248762754,103.1989438519227,0.99
748,136.01794026327858,105.02699756734404,0.99
749,238.66030497848828,105.16454063602525,0.99
750,1.0142208234272658,105.1513553558588,0.99
751,-21.94997970822962,102.5571299505496,0.99
752,-58.69117887339482,99.9073480374891,0.99
753,-62.972149296103495,97.96873216396105,0.99
754,-99.14106577230918,97.07013751629185,0.99
755,-71.10076392150114,93.90489766516743,0.99
756,263.2548185011035,94.01656848522211,0.99
757,288.22099889060746,94.24224499237478,0.99
758,260.47504675532764,94.33503372383066,0.99
759,214.41723888027377,96.83107973118247,0.99
760,302.3129856181822,99.82571113212539,0.99
761,270.2822301114629,104.55523836047692,0.99
762,2.1778669693272263,102.69786029452948,0.99
763,-51.31576637276699,100.1696861347788,0.99
764,-88.22510307447588,96.93936626758679,0.99
765,272.97884054757026,99.53355087724668,0.99
766,26.360126942494475,99.97902530206731,0.99
767,-56.41890800826027,96.89366426624967,0.99
768,249.16615820852888,100.03681416443446,0.99
769,-23.656402331122962,97.98910332555586,0.99
770,-27.25200941208648,95.67006267057914,0.99
771,3.9785736564357563,93.890244204882,0.99
772,-7.805927166369429,95.40795826079062,0.99
773,252.68262951491064,96.09509192744066,0.99
774,9.187517756365736,100.86660324384535,0.99
775,-60.53577745057655,98.2849814064416,0.99
776,-7.807768711766727,100.32139265302132,0.99
777,13.386679060888468,97.80770379421251,0.99
778,279.5277078661853,98.0536214653567,0.99
779,250.5077975969961,98.1291591814991,0.99
780,249.80118151508708,99.51294835222106,0.99
781,-43.602606019081925,96.62172165711283,0.99
782,-26.45581548968994,94.4289258081116,0.99
783,-142.09099392747194,93.45179273345883,0.99
784,235.4738128397485,93.55642143008002,0.99
785,16.860597282053362,91.63665125022753,0.99
786,227.0973431722989,91.7707446793421,0.99
787,246.28022755475962,92.0763272324069,0.99
788,272.3552160533726,92.54855695821847,0.99
789,125.97323916970852,91.22638143214255,0.99
790,252.0518956347944,97.46634545175358,0.99
791,149.07772600608905,97.25855656715592,0.99
792,24.665363957519617,95.1347985012187,0.99
793,-25.25561443103811,92.09752812023713,0.99
794,257.4548953222758,94.74614439367879,0.99
795,245.57738170531005,98.21127606254453,0.99
796,144.9959260471204,102.6594755653885,0.99
797,277.14067907484,102.73528708273581,0.99
798,54.745295800717514,100.94554073817297,0.99
799,249.82899175718524,101.1207362508133,0.99
800,218.2995998730737,103.07628293291347,0.99
1,-102.05605960826348,,0.995
2,-229.59759787023694,,0.995
3,-376.21979234373345,,0.995
4,-805.8369922511895,,0.995
5,-1071.2121968740453,,0.995
6,-882.154045179754,,0.995
7,-1800.9253561404462,,0.995
8,-968.754424841078,,0.995
9,-822.1813806628522,,0.995
10,-458.9008284595878,,0.995
11,-1356.6140664503257,,0.995
12,-1543.7730602098547,,0.995
13,-1131.339509059718,,0.995
14,-778.4650579460133,,0.995
15,-838.9020243881449,,0.995
16,-1538.1066052349063,,0.995
17,-687.8906286752014,,0.995
18,-989.7657522389762,,0.995
19,-1313.0309783200819,,0.995
20,-723.5329122831342,,0.995
21,-733.7568125434263,,0.995
22,-1160.3832460927238,,0.995
23,-561.330860077548,,0.995
24,-721.1441088472625,,0.995
25,-1983.3806055920497,,0.995
26,-1519.0615581393213,,0.995
27,-1125.4736257325392,,0.995
28,-1285.1228856642945,,0.995
29,-1458.894055826959,,0.995
30,-791.3329188349034,,0.995
31,-346.64151275861104,,0.995
32,-520.1417396017052,,0.995
33,-594.9682603698237,,0.995
34,-770.1720465465545,,0.995
35,-357.70972239859884,,0.995
36,-635.928430220903,,0.995
37,-588.7090281495139,,0.995
38,-447.14417490059924,,0.995
39,-594.5280201521441,,0.995
40,-503.7834737594523,,0.995
41,-70.81579555809071,,0.995
42,-93.55897023187184,,0.995
43,-286.75510986845546,,0.995
44,-450.16829271461665,,0.995
45,-268.718127404637,,0.995
46,-160.40277335165143,,0.995
47,-127.25127750460855,,0.995
48,-291.04246226128487,,0.995
49,-204.2840118011049,,0.995
50,-248.66826623442478,,0.995
51,-284.87454202104556,,0.995
52,-138.09312757705908,,0.995
53,-27.21589799923248,,0.995
54,128.1116487332813,,0.995
55,-118.53792525074276,,0.995
56,-208.28264429231018,,0.995
57,-316.63566453332913,,0.995
58,-144.6705660293515,,0.995
59,-66.37029911771542,,0.995
60,3.9295443937824297,,0.995
61,-312.1936471113767,,0.995
62,-120.04979040980197,,0.995
63,-322.0100798695788,,0.995
64,-128.7027290407852,,0.995
65,-131.2124301752698,,0.995
66,-119.87002865270608,,0.995
67,-163.88019518278568,,0.995
68,-235.90938725660988,,0.995
69,-68.71254246273539,,0.995
70,-381.31412927309964,,0.995
71,-259.5730203600373,,0.995
72,-134.1238934140842,,0.995
73,-126.90085544691637,,0.995
74,-73.0042036502982,,0.995
75,-146.77209001662777,,0.995
76,-132.76865680998247,,0.995
77,-117.67048618362375,,0.995
78,-159.95018979253794,,0.995
79,-154.9861449098778,,0.995
80,-206.83576648597654,,0.995
81,-104.48078701051679,,0.995
82,-122.96016117784382,,0.995
83,-192.3509361776441,,0.995
84,-68.41533307706949,,0.995
85,-158.54999300048382,,0.995
86,-217.23061838422865,,0.995
87,-102.98688831255689,,0.995
88,-175.80114913071637,,0.995
89,-72.14177802696108,,0.995
90,-118.54472197530808,,0.995
91,-240.4781081798689,,0.995
92,-92.03681694404676,,0.995
93,-94.84811096601703,,0.995
94,-189.7541929978787,,0.995
95,-110.78399513678494,,0.995
96,-276.35906701204686,,0.995
97,-365.3112853662919,,0.995
98,-169.8760580909163,,0.995
99,-220.7436613516207,,0.995
100,-238.10051075163696,-453.2136535544609,0.995
101,-264.0521574108544,-454.8336145324868,0.995
102,-228.1772684700991,-454.8194112384855,0.995
103,-161.9345750706332,-452.6765590657545,0.995
104,-61.19119995785662,-445.23010114282124,0.995
105,-181.38945948462344,-436.331873768927,0.995
106,-230.1992508088052,-429.8123258252174,0.995
107,-105.99856484157934,-412.86305791222884,0.995
108,-247.24750583554356,-405.64798872217347,0.995
109,-159.71451646692083,-399.0233200802141,0.995
110,-54.54904655343933,-394.97980226115266,0.995
111,-141.05672578805752,-382.82422885452996,0.995
112,-229.59150955807664,-369.6824133480123,0.995
113,-184.9670551153078,-360.2186888085682,0.995
114,-189.4778882781428,-354.32881711188946,0.995
115,-225.36594554247935,-348.1934563234327,0.995
116,-197.5651426083838,-334.7880416971675,0.995
117,-184.23962525398923,-329.75153166295536,0.995
118,-30.922215792910894,-320.16309629849474,0.995
119,-357.21852236593634,-310.6049717389532,0.995
120,-193.6341575601466,-305.3059841917234,0.995
121,-92.1739138065579,-298.8901552043547,0.995
122,35.60589481786258,-286.93026379524883,0.995
123,-202.0985472235758,-283.33794066670913,0.995
124,-82.92790105616191,-276.9557785887981,0.995
125,-129.94897989279463,-258.42146233180557,0.995
126,-49.29408641412775,-243.72378761455363,0.995
127,-136.08438673441339,-233.8298952245723,0.995
128,-215.2431882829988,-223.13109825075935,0.995
129,-80.37604269157065,-209.34591811940555,0.995
130,-114.72815444094617,-202.57987047546595,0.995
131,-37.123823797860304,-199.48469358585848,0.995
132,-72.49100608059587,-195.00818625064733,0.995
133,-80.61101614893295,-189.86461380843843,0.995
134,-130.7337293421078,-183.470230636394,0.995
135,-153.252772211886,-181.42566113452688,0.995
136,-82.52411354369991,-175.8916179677548,0.995
137,-59.784003846569085,-170.60236772472538,0.995
138,-41.87158687706628,-166.54964184449003,0.995
139,-70.69495226392938,-161.31131116560792,0.995
140,-67.05238802725874,-156.94400030828598,0.995
141,-58.89682990668581,-156.82481065177194,0.995
142,-71.98769112993664,-156.60909786075257,0.995
143,-79.30578595216107,-154.53460462158964,0.995
144,-31.093842827730896,-150.34386012272077,0.995
145,-61.05023747853744,-148.26718122345977,0.995
146,-99.90829259442717,-147.66223641588752,0.995
147,-202.39605173171432,-148.4136841581586,0.995
148,-51.76423625227373,-146.02090189806844,0.995
149,8.403620774126267,-143.89402557231614,0.995
150,-6.0579912787388235,-141.46792282275928,0.995
151,16.09105984048493,-138.45826680414396,0.995
152,11.139501116047805,-136.9659405172129,0.995
153,-17.554008061295015,-136.86932161783355,0.995
154,155.1073276979676,-136.5993648281867,0.995
155,187.27122479914755,-133.54127332768778,0.995
156,-192.2106919748614,-133.38055380451328,0.995
157,-102.21634250213829,-131.2363605842014,0.995
158,-308.0747895115186,-132.87040281902307,0.995
159,193.19812332483178,-130.27471859459757,0.995
160,77.1253796893465,-129.54276024164193,0.995
161,202.60810886127558,-124.39474268191542,0.995
162,-58.35410816115007,-123.77778585942889,0.995
163,245.14643707949796,-118.10622068993811,0.995
164,-11.540506946306849,-116.93459846899333,0.995
165,-8.042309455010967,-115.70289726179075,0.995
166,-126.9607250820969,-115.77380422608466,0.995
167,-86.37484936641766,-114.998750767921,0.995
168,-40.87025511920615,-113.04835944654695,0.995
169,186.5849284806972,-110.49538473711262,0.995
170,141.51143236376305,-105.26712912074397,0.995
171,-58.288421570974585,-103.25428313285335,0.995
172,158.50740479060346,-100.3279701508065,0.995
173,-62.980024588132096,-99.68876184221864,0.995
174,-27.906857683424896,-99.23778838254992,0.995
175,223.93752107980382,-95.5306922715856,0.995
176,-18.850072172149282,-94.39150642520724,0.995
177,-164.25738501973308,-94.85737541356833,0.995
178,221.98344590403087,-91.03803905660267,0.995
179,16.664482415967417,-89.32153278334421,0.995
180,-25.605137683977702,-87.50922649532421,0.995
181,-42.24263613528009,-86.88684498657187,0.995
182,-42.96264232081009,-86.08686979800153,0.995
183,-19.065491190788133,-84.35401534813295,0.995
184,-91.60517848087447,-84.58591380217102,0.995
185,-47.40042416571138,-83.47441811382329,0.995
186,-62.982549617563066,-81.93193742615662,0.995
187,-101.28551553716036,-81.91492369840266,0.995
188,-38.85229059663562,-80.54543511306186,0.995
189,-58.357614532206675,-80.40759347811431,0.995
190,-9.25288795966755,-79.31467513795792,0.995
191,-540.5127039360449,-82.31502109551965,0.995
192,-148.1062456069906,-82.87571538214912,0.995
193,-21.574129342982133,-82.14297556591875,0.995
194,-101.01786510770695,-81.25561228701704,0.995
195,-97.6620163769056,-81.12439249941825,0.995
196,-172.61189628048464,-80.08692079210262,0.995
197,-132.90241359797972,-77.7628320744195,0.995
198,-260.29958090569977,-78.66706730256735,0.995
199,-214.61940940721837,-78.60582478312331,0.995
200,-151.74758716107894,-77.74229554721772,0.995
201,-255.4840847832218,-77.6566148209414,0.995
202,-245.74751074240777,-77.83231724366449,0.995
203,-242.63195636790977,-78.63929105663726,0.995
204,-89.09994553328858,-78.91837851239158,0.995
205,-212.98919240441842,-79.23437584158954,0.995
206,-190.25447818810386,-78.83492811538252,0.995
207,-183.04709776980735,-79.60541344466479,0.995
208,-160.99206678696143,-78.74285905417896,0.995
209,-134.4218540644356,-78.48993243015413,0.995
210,-129.40034568257104,-79.23844542144543,0.995
211,-290.5045905774442,-80.7329240693393,0.995
212,-117.13220503270979,-79.60833102408564,0.995
213,-66.10010850445381,-78.4196615579771,0.995
214,-105.78839243300257,-77.5827665995257,0.995
215,-100.66805063762418,-76.33578765047714,0.995
216,-134.45179999757255,-75.70465422436902,0.995
217,-59.93298850362446,-74.46158785686538,0.995
218,-117.90820014232064,-75.33144770035948,0.995
219,-74.68884373715439,-72.50615091407165,0.995
220,-83.74192161766845,-71.40722855464688,0.995
221,-113.83305634003534,-71.62381997998165,0.995
222,-152.46617182070543,-73.50454064636732,0.995
223,-78.65546744574492,-72.27010984858903,0.995
224,-163.89166088441766,-73.07974744687156,0.995
225,-72.1743278187714,-72.50200092613134,0.995
226,-133.64840035825665,-73.34554406557262,0.995
227,-177.2648994780751,-73.75734919300925,0.995
228,-87.66309916113927,-72.48154830179065,0.995
229,-39.937122175674155,-72.07715909663169,0.995
230,-50.75129576538221,-71.43739050987605,0.995
231,-89.26028548888961,-71.95875512678634,0.995
232,-63.42938876153084,-71.86813895359569,0.995
233,-51.96029964571294,-71.5816317885635,0.995
234,-88.0352185886946,-71.15464668102936,0.995
235,-122.16700478155265,-70.84378900672604,0.995
236,-166.50210918293953,-71.68356896311843,0.995
237,-71.1053731755791,-71.79678265640854,0.995
238,-108.42344562452793,-72.46230124388313,0.995
239,-37.03493777548652,-72.12570109899872,0.995
240,-74.72449952993021,-72.20242221402543,0.995
241,-284.01508782814267,-74.45360479324,0.995
242,9.04358987254264,-73.6432919832152,0.995
243,-27.629129857456533,-73.12652542226817,0.995
244,-66.41956298420251,-73.47978262383288,0.995
245,-465.66307852292385,-77.52591103427675,0.995
246,-69.0896261401369,-77.21772436973384,0.995
247,-76.88200516065801,-75.96258390402326,0.995
248,-287.16322687581237,-78.31657381025866,0.995
249,-92.13293856242136,-79.32193940362413,0.995
250,-52.467258543713825,-79.78603207627388,0.995
251,-474.06356136257244,-84.68757828830445,0.995
252,-40.55147258235169,-85.20448802528847,0.995
253,-109.98707294864874,-86.12881867416199,0.995
254,-124.3133272308815,-88.9230252234505,0.995
255,-263.9485659651637,-93.43522313109361,0.995
256,140.04976189290346,-90.11261859241594,0.995
257,-113.03055138952621,-90.22076068128983,0.995
258,-47.88888528700716,-87.61890163904471,0.995
259,-92.92113803082697,-90.4800942526013,0.995
260,-78.72050570218458,-92.03855310651659,0.995
261,-151.90015505989658,-95.58363574572832,0.995
262,-80.37127674007363,-95.80380743151754,0.995
263,-110.73868559617893,-99.36265865827434,0.995
264,-117.13481993021155,-100.41860178811339,0.995
265,-64.23927731083874,-100.98057146667166,0.995
266,-85.67836859191675,-100.56774790176985,0.995
267,-51.88544834579557,-100.22285389156366,0.995
268,-34.71491995357721,-100.16130053990737,0.995
269,-61.55106136360119,-102.64266043835033,0.995
270,-111.39920607733802,-105.17176682276137,0.995
271,-80.73931600125347,-105.39627576706417,0.995
272,-56.464694191866194,-107.54599675688884,0.995
273,-79.94179302935903,-107.7156144413011,0.995
274,-61.196383638322914,-108.04850970085008,0.995
275,-11.94270507273531,-110.40731196237546,0.995
276,-55.13239445124433,-110.77013518516644,0.995
277,21.069518996757537,-108.91686614500153,0.995
278,-15.588450180700908,-111.29258510584884,0.995
279,1.259507350445167,-111.44663485650408,0.995
280,-35.13896818684459,-111.54197316153274,0.995
281,-21.279410805209338,-111.33234090823204,0.995
282,0.8553534756510269,-110.89416095026742,0.995
283,-55.31694380578165,-111.25667547641734,0.995
284,49.566050649643984,-109.84496318511218,0.995
285,-82.73721102384663,-110.19833105369352,0.995
286,-35.46937984210987,-109.92319935593898,0.995
287,-64.205572680354,-109.55239992737091,0.995
288,226.16225654964376,-106.90225445590814,0.995
289,1.9863028899738606,-106.29881528168632,0.995
290,-68.10540839882641,-106.88734048607789,0.995
291,-16.98530690578761,-101.65206651577533,0.995
292,-8.633288864477977,-100.25733694835019,0.995
293,-38.71115451781735,-100.42870720009856,0.995
294,-36.719744649913395,-99.78572599552064,0.995
295,-55.70987647408208,-99.36620459649241,0.995
296,-48.05469396586015,-98.12063257334617,0.995
297,-127.318809313955,-98.0647965305059,0.995
298,-70.98754678149506,-96.17167618926385,0.995
299,-58.104337233999146,-94.60652546753164,0.995
300,-30.617691952751073,-93.39522651544837,0.995
301,58.23371827324447,-90.25804848488373,0.995
302,1.8772782359561688,-87.78180059510008,0.995
303,-48.741309334688516,-85.84289412476787,0.995
304,-50.08405939918816,-85.45273526342687,0.995
305,-78.31296487553891,-84.10597298813805,0.995
306,55.44647775905452,-81.64896342866649,0.995
307,-51.3382675416074,-80.33187512638449,0.995
308,-105.60129481596846,-79.77796740667456,0.995
309,-30.467274084130963,-78.73842160687151,0.995
310,-166.87069647800016,-79.11312511482579,0.995
311,22.16787082095874,-75.98640050084177,0.995
312,-87.32711219815168,-75.6883495724962,0.995
313,-109.92246942609816,-76.12657318171264,0.995
314,114.44284906031352,-73.92426076677948,0.995
315,223.69971171326014,-70.68058314327062,0.995
316,-65.66067798449102,-69.99267192313981,0.995
317,-3.3688233905382674,-69.42703027200895,0.995
318,-67.07052888713193,-68.91865355945706,0.995
319,-86.39184601074975,-69.03568358219302,0.995
320,85.4601294848766,-67.34366307116757,0.995
321,-55.22619195764928,-66.7575944273437,0.995
322,-85.89143205327407,-66.0918470296694,0.995
323,-68.97661322380226,-65.99505848744997,0.995
324,-177.35522919451677,-66.12969417055096,0.995
325,-101.37814910533672,-66.42173238341661,0.995
326,-79.43468282880139,-65.87959520812205,0.995
327,-304.52761891637545,-67.15222240250506,0.995
328,-51.14581343132341,-66.7870495452069,0.995
329,-51.10387112549469,-66.8987170347051,0.995
330,-38.8708830958525,-66.7799129080098,0.995
331,-0.3995830408490251,-65.8913058835294,0.995
332,-167.56863391850752,-66.93269833509918,0.995
333,-16.800930956615925,-66.5811046482082,0.995
334,-172.82645298330658,-67.42901699215432,0.995
335,-31.862233885362297,-66.52596928319241,0.995
336,-52.06858366274749,-65.38163402799049,0.995
337,-62.445251637886514,-65.29503281261356,0.995
338,-28.35244670691564,-64.49432282343744,0.995
339,-84.41756548451069,-64.96814910052768,0.995
340,51.98936497923896,-63.70101045543599,0.995
341,-32.61300747528892,-61.186989651907446,0.995
342,37.17139364903799,-60.905711614142504,0.995
343,48.909615904502196,-60.14032415652291,0.995
344,-251.7853378995534,-61.99398190567643,0.995
345,-20.932470688257215,-57.54667582732976,0.995
346,-125.4439790003112,-58.11021935593149,0.995
347,-125.16197578806859,-58.59301906220561,0.995
348,-49.15699266891407,-56.21295672013664,0.995
349,49.638262685451856,-54.7952447076579,0.995
350,-16.805698867657895,-54.43862911089734,0.995
351,66.19750784771395,-49.036018418794484,0.995
352,-25.75366489615432,-48.8880403419325,0.995
353,42.46791010011232,-47.363490511444894,0.995
354,230.3047186384754,-43.81731005275132,0.995
355,-38.09379532924864,-41.55876234639217,0.995
356,33.452700167375596,-42.624732963647446,0.995
357,-102.22756666259292,-42.5167031163781,0.995
358,-503.33491260014466,-47.071163389509486,0.995
359,12.19153146489515,-46.020036694552275,0.995
360,-60.847462395616105,-45.84130626148659,0.995
361,-277.0796886239059,-47.093101597126676,0.995
362,-18.1904229703824,-46.47129305942976,0.995
363,229.48769419961346,-43.06902926147183,0.995
364,-409.7411705341428,-45.99509276751115,0.995
365,-15.94522871589865,-45.51215228156175,0.995
366,-14.004195625923407,-44.79541055190182,0.995
367,-66.6701088428901,-44.94325715687276,0.995
368,-66.83516808410879,-45.264459638178074,0.995
369,-127.06188263698523,-45.919567850911925,0.995
370,-44.02920554935225,-45.245867845632056,0.995
371,-356.9938126522144,-48.00841281214167,0.995
372,14.484248343337907,-47.29892338678963,0.995
373,-91.92296488686593,-47.4187351053647,0.995
374,-226.8668345036964,-49.07543961401844,0.995
375,-78.81335276789001,-49.74414609096999,0.995
376,-296.6525130937166,-52.1593472773947,0.995
377,-56.850583149085786,-52.93854829885315,0.995
378,-109.81508887401235,-53.880814685786255,0.995
379,-83.63361658122268,-54.72974592510293,0.995
380,134.91593688617743,-53.0291968743727,0.995
381,-10.68603242129533,-52.923263090533574,0.995
382,-345.0218695877086,-56.382035321167166,0.995
383,-92.6161649762616,-56.755027532871964,0.995
384,-64.28985822685084,-57.89358662163691,0.995
385,-59.01505290309269,-57.65636504042937,0.995
386,-86.89861261814629,-58.170657368189744,0.995
387,-115.24156789149238,-58.68101732030112,0.995
388,-71.37671487770406,-61.65640703457459,0.995
389,-93.8569660178657,-62.61483972365299,0.995
390,-53.26867613716837,-62.466472401036405,0.995
391,-68.13694233551607,-62.97798875533371,0.995
392,-28.172049463891593,-63.17337636132784,0.995
393,-65.94650946275088,-63.445729910777175,0.995
394,-37.14696769202879,-63.450002141198325,0.995
395,-42.59021440111825,-63.31880552046868,0.995
396,-52.83432839779433,-63.36660186478804,0.995
397,-28.392698375378508,-62.377340755402265,0.995
398,-43.75481760917527,-62.10501346367906,0.995
399,-49.77985622731375,-62.021768653612206,0.995
400,-84.4108637961179,-62.55970037204588,0.995
401,-71.12252690339636,-63.853262823812294,0.995
402,-23.97322091185144,-64.11176781529036,0.995
403,-56.36070444822702,-64.18796176642576,0.995
404,-55.66597672574321,-64.24378093969129,0.995
405,-86.38234947837864,-64.32447478571969,0.995
406,-51.721030326901676,-65.39614986657925,0.995
407,-35.21804899794268,-65.23494768114261,0.995
408,-47.64972954578483,-64.65543202844077,0.995
409,-65.7048299775953,-65.00780758737542,0.995
410,-47.64421858151061,-63.81554280841052,0.995
411,-34.55351389468182,-64.38275665556692,0.995
412,-36.19798449123451,-63.87146537849776,0.995
413,-157.8791179069066,-64.35103186330585,0.995
414,-30.413854738487604,-65.79959890129386,0.995
415,20.053067385793227,-67.83606534456854,0.995
416,-39.208157017117294,-67.57154013489479,0.995
417,-40.72917917480561,-67.94514369273746,0.995
418,32.80187852663947,-66.94641961859976,0.995
419,-2.418170239434323,-66.1066828608866,0.995
420,-44.01232354170665,-67.40140739115242,0.995
421,45.55844480968719,-66.39356102347907,0.995
422,-2.876238171320839,-65.56340908465953,0.995
423,42.92537123524153,-64.44438924006909,0.995
424,198.1554289581723,-60.689282658542176,0.995
425,-30.40756886943749,-59.97957685618319,0.995
426,27.106259408467274,-58.914167433810505,0.995
427,32.751087096449155,-55.541380373682266,0.995
428,55.843910896594224,-54.4714831304031,0.995
429,33.02817023751693,-53.630162716772986,0.995
430,56.46875742528924,-52.67676631156156,0.995
431,-56.27261672495905,-53.23549664840266,0.995
432,15.86613768530822,-51.40114893236451,0.995
433,20.673101343492604,-51.026408609363415,0.995
434,0.9134668955517542,-49.289009410574835,0.995
435,-19.581514997375,-49.16620222169496,0.995
436,18.90937985929546,-48.45642258647452,0.995
437,13.843343704017613,-47.69353663305548,0.995
438,-7.05380714667336,-47.48055023745306,0.995
439,-62.65621922130276,-47.26293677482099,0.995
440,0.9667768415341043,-47.773162656198046,0.995
441,-64.436558359996,-48.09139816504511,0.995
442,-18.07562102839079,-48.643868311819396,0.995
443,-50.90386543432498,-49.642003125207665,0.995
444,-65.5425997973186,-47.779575744185316,0.995
445,-29.790258606182416,-47.86815362336458,0.995
446,-52.96494079641415,-47.1433632413256,0.995
447,-24.231680156253336,-46.13406028500745,0.995
448,-66.54373463526979,-46.30792770467101,0.995
449,-23.87991028713486,-47.043109434396875,0.995
450,-62.18730606948253,-47.49692550641512,0.995
451,-71.71103361382599,-48.87601092103051,0.995
452,-49.95402950778421,-49.1180145671468,0.995
453,-45.25048774000331,-49.995198545547964,0.995
454,-8.832557702562255,-52.386571308958345,0.995
455,-33.66688951168377,-52.342302250782694,0.995
456,-15.296800021782122,-52.82979725267428,0.995
457,-20.534481256673242,-52.01286639861509,0.995
458,-14.131429726720242,-47.120831569880835,0.995
459,-25.12146310679043,-47.493961515597704,0.995
460,-29.678307548763946,-47.182269967129166,0.995
461,-68.10585471153064,-45.09253162800542,0.995
462,-50.04541870811222,-45.41108158538272,0.995
463,-32.79151320145155,-48.033873659393365,0.995
464,-77.29540925231584,-44.7094160465751,0.995
465,-38.952751449895025,-44.93949127391507,0.995
466,-99.7974083313039,-45.79742340096887,0.995
467,-75.57000531954145,-45.88642236573538,0.995
468,-38.522227273999334,-45.60329295763429,0.995
469,-86.1811037748391,-45.19448516901282,0.995
470,-62.590202189280575,-45.38009513541211,0.995
471,-77.4805200068263,-42.58496220895823,0.995
472,-189.81927953409303,-44.62799748773254,0.995
473,-788.8887700396267,-51.59765553926014,0.995
474,-674.8599771075943,-56.07758696529913,0.995
475,7.265597323865464,-55.21679746438157,0.995
476,-68.76485864369802,-52.93792091988139,0.995
477,-107.89257323421792,-53.4483408207327,0.995
478,-673.3956624570792,-59.084146556563375,0.995
479,-679.5588161669058,-65.0433985524202,0.995
480,-156.6055451498552,-67.95861337278053,0.995
481,18.29737485792714,-67.66877929998832,0.995
482,-234.36328196738773,-66.56219342378509,0.995
483,-70.59053859516027,-66.34193715997408,0.995
484,-86.27406620442635,-66.56177923974984,0.995
485,-65.80767076305493,-66.62970541834946,0.995
486,-159.98652858303262,-67.36058457799832,0.995
487,-83.92782460548487,-67.04744714513826,0.995
488,-364.9759733824222,-69.98343973018544,0.995
489,-156.70608127273258,-70.6119308827341,0.995
490,-97.08318144092685,-71.05007593577167,0.995
491,-22.862808184541,-70.59733459426192,0.995
492,-180.0114850734832,-72.11572895035785,0.995
493,-73.32494781320617,-72.18951333386241,0.995
494,-100.85701021796112,-72.82661375912174,0.995
495,-198.72957507149664,-74.38800736582552,0.995
496,-60.82554981009465,-74.46791957994851,0.995
497,-39.248794889269945,-74.57648054508742,0.995
498,-75.57565408338567,-74.89468890982953,0.995
499,-35.907866048198244,-74.75596900803838,0.995
500,-98.0623746572644,-74.89248411664984,0.995
501,-34.705812866864825,-74.52831697628453,0.995
502,145.14633598516912,-72.83712140731431,0.995
503,172.01395843576282,-70.55337477847442,0.995
504,171.5687915423755,-68.28102709579323,0.995
505,74.74846920021682,-66.66971890900727,0.995
506,-77.72596435032654,-66.92976824924152,0.995
507,224.1730227489258,-64.33585753177283,0.995
508,120.58735073264599,-62.653486728988526,0.995
509,262.95088742420444,-59.36692955497054,0.995
510,242.6540584540538,-56.4639467846149,0.995
511,-41.46727139580851,-56.53308435962617,0.995
512,-129.43964353270465,-57.46550095004088,0.995
513,230.1930995844386,-53.58477877512742,0.995
514,194.80306457467543,-51.33260958199578,0.995
515,224.15597554406602,-49.291580500413055,0.995
516,137.76866264307003,-47.52181230381118,0.995
517,219.25109760746034,-44.92200953598853,0.995
518,141.48528477505948,-43.835175473504314,0.995
519,272.3824527600457,-41.08716924350952,0.995
520,125.24027172307329,-39.39464329086172,0.995
521,205.78505815496797,-37.792377157408914,0.995
522,254.26795133045644,-35.220935262391144,0.995
523,154.71667107722334,-34.103022263971326,0.995
524,-307.40582133904536,-39.1586347669435,0.995
525,-201.68764911921764,-40.871435569441296,0.995
526,-13.852099299665213,-41.28101915652263,0.995
527,-453.0711048903625,-46.139241076390746,0.995
528,-328.9704256585486,-49.98738444194217,0.995
529,78.86498930669258,-49.52901625125041,0.995
530,65.17930950835873,-49.44191073041972,0.995
531,119.50960833818546,-47.68408847978827,0.995
532,-308.9162339647069,-50.93191219628843,0.995
533,214.27507455457993,-48.99589246417755,0.995
534,163.13123201490234,-47.37371481298403,0.995
535,-224.1485552060984,-49.41938521507128,0.995
536,19.001616559751852,-49.41846284806672,0.995
537,-196.27342380872253,-51.51963052319411,0.995
538,-323.01751646141616,-54.67926761634155,0.995
539,-274.6590784834467,-56.799296208963,0.995
540,115.86123908872533,-55.65035158649107,0.995
541,244.37974589466694,-52.56218854394445,0.995
542,-316.0618395343158,-55.5420507290037,0.995
543,226.16224590663592,-52.77138961559408,0.995
544,237.57964241410727,-49.74016719347983,0.995
545,-173.29856302464518,-51.17525023766445,0.995
546,-373.66206598991465,-54.38222148959945,0.995
547,-246.4155147510985,-56.60405983554789,0.995
548,170.15066948093767,-54.23711579438583,0.995
549,-0.8344193798708908,-54.006660885313195,0.995
550,-253.45609525173538,-55.91934877713572,0.995
551,-288.610200623184,-58.0883404472293,0.995
552,-154.53134294189292,-59.13411358157039,0.995
553,-353.75143447092086,-62.21912304887955,0.995
554,-220.9500127374116,-64.34029759922805,0.995
555,-271.03671360128124,-66.71399584012403,0.995
556,255.20700190589608,-64.00895782084723,0.995
557,-187.7525408893814,-65.68113841717432,0.995
558,-197.4529998748289,-67.5143541186554,0.995
559,-98.2834875765853,-68.24597436335335,0.995
560,295.24832361490223,-64.99670805171671,0.995
561,-195.78299842159566,-66.27347948881737,0.995
562,202.96462856757313,-63.74337901606051,0.995
563,39.428917542805266,-63.02117470861795,0.995
564,-156.76498313275647,-63.81587044742235,0.995
565,-21.62573948405698,-63.642600327763965,0.995
566,9.378790030242595,-62.5508383441485,0.995
567,67.36224797304772,-61.121515811222615,0.995
568,-75.13508796330977,-61.48764441811572,0.995
569,-171.38511363189346,-62.339684516686276,0.995
570,262.84604259639895,-59.085322068829484,0.995
571,27.96975753145476,-58.030819293446655,0.995
572,225.4848536229532,-53.8777779618762,0.995
573,-174.94758242804275,-47.738366085760354,0.995
574,-57.12995262437502,-41.56106584092815,0.995
575,292.1796962882948,-38.71192485128386,0.995
576,-47.213642323569566,-38.49641268808257,0.995
577,77.46365830990682,-36.64285037264133,0.995
578,181.96105801616636,-28.08928316790887,0.995
579,-155.0953954920019,-22.844648961159834,0.995
580,53.46366868616428,-20.743956822799635,0.995
581,-113.85293789300741,-22.06545995030898,0.995
582,237.8155804016041,-17.343671326619063,0.995
583,46.137260133098806,-16.176393339336474,0.995
584,118.98504461900869,-14.123802231102127,0.995
585,-126.56903839265027,-14.731415907398077,0.995
586,-178.62937024386326,-14.917844324006383,0.995
587,219.40347339676018,-11.884531343983936,0.995
588,-94.73081165701468,-9.18207972672986,0.995
589,228.59731449841635,-5.329045769018369,0.995
590,191.09295419646995,-2.4472844126444007,0.995
591,-103.41746678519418,-3.252830998650934,0.995
592,-117.93367392978406,-2.6320528872139426,0.995
593,166.99004382361983,-0.2289029708456809,0.995
594,249.37020865949216,3.2733692179288516,0.995
595,-168.33730094589907,3.577291959184828,0.995
596,19.044530664105196,4.375992763926826,0.995
597,22.67311530691407,4.995211865888666,0.995
598,227.65425549435002,8.027510961666023,0.995
599,77.41293672737682,9.160718989421772,0.995
600,171.8862726812454,11.86020546280687,0.995
601,303.47834624493953,15.242047053924912,0.995
602,93.20221845050011,14.722605878578221,0.995
603,16.91124937514911,13.171578787972082,0.995
604,-268.8073472003668,8.76781740054466,0.995
605,-19.280744956629277,7.827525258976198,0.995
606,225.04775094145515,10.855262411894014,0.995
607,245.00382018327025,11.063570386237462,0.995
608,264.8069524021678,12.505766402932682,0.995
609,-35.545144334522746,9.52080608534541,0.995
610,224.28257505474772,9.33709125135235,0.995
611,-81.7718659466856,8.93404530584358,0.995
612,125.21136787557299,11.480555419926356,0.995
613,266.28338339086633,11.841458257990631,0.995
614,58.33618952715946,10.476789507515473,0.995
615,247.43071298873534,10.709536881962165,0.995
616,-150.36288256030434,7.828221429928423,0.995
617,176.26527757221515,7.39836322957597,0.995
618,278.95168462842355,8.77302722810961,0.995
619,-151.99617034210144,4.529240997088139,0.995
620,290.02378332597453,6.1770761131171525,0.995
621,144.39884573258428,5.563213988893315,0.995
622,-104.42076055523845,1.976326870036369,0.995
623,25.298061748625514,0.682140776750388,0.995
624,231.82501414339166,6.074449131574759,0.995
625,287.02874386003447,10.961613061367279,0.995
626,238.74561724415085,13.487590226805441,0.995
627,-176.50979348540585,16.25320334085501,0.995
628,94.2913379892432,20.485820977332924,0.995
629,36.21195647874334,20.05929064905343,0.995
630,49.57954138263233,19.903292967796165,0.995
631,155.89206087371127,20.26711749315142,0.995
632,69.49774342972404,24.05125726709573,0.995
633,53.607711263807545,22.444583634188007,0.995
634,199.60627962770843,22.80933411031607,0.995
635,212.92273825067636,27.180047044883818,0.995
636,277.14156741563426,29.76144655344264,0.995
637,245.80171659784327,34.18219795750829,0.995
638,202.9182449056081,39.44155557117854,0.995
639,194.29181102147706,44.131064466227784,0.995
640,273.68564005961804,45.7093084759367,0.995
641,300.860746070501,46.27411847769505,0.995
642,-142.64207908409338,48.00831608219727,0.995
643,213.2232296994951,47.878925920125866,0.995
644,276.34998924255814,48.26662938841037,0.995
645,-165.80878055195925,48.34152721313724,0.995
646,-162.3754503345337,50.454393369691054,0.995
647,219.20984505541708,55.110646967756196,0.995
648,242.7410503798388,55.83655077674521,0.995
649,84.92871140545145,56.694182084598445,0.995
650,186.138529153632,61.090128328652106,0.995
651,15.767872684392245,64.13390906172788,0.995
652,-164.29905398918885,64.03623195125492,0.995
653,224.2603474923492,69.81634977088761,0.995
654,-113.47673426630737,70.89108255559866,0.995
655,285.8219199860838,76.4596688914723,0.995
656,264.8844539404495,76.55644341181785,0.995
657,51.00057188611724,78.94397453957285,0.995
658,-170.56327738276832,79.21287176449344,0.995
659,157.69579288278774,81.77266456908717,0.995
660,188.70935985246246,80.70727493146278,0.995
661,112.8263784186064,83.79336869986479,0.995
662,241.57578145462566,84.17948022873531,0.995
663,-6.33605420696864,83.72183051123757,0.995
664,271.89514288438176,88.00843177140892,0.995
665,62.85962066454021,88.8532853728949,0.995
666,47.4664660267513,89.23416213286,0.995
667,291.37835635197007,91.47432321664922,0.995
668,-79.28884987577555,91.43278559752459,0.995
669,285.2232800087533,95.99886953393107,0.995
670,198.80146742949032,95.35842378226197,0.995
671,159.75807722943614,96.67630697924179,0.995
672,-24.767157727671176,94.17378686573552,0.995
673,17.842157500142676,96.1016842650174,0.995
674,-58.0618184227097,96.09236560703404,0.995
675,256.9488268931971,95.74005691308307,0.995
676,15.247326935895003,96.36466660567768,0.995
677,280.5080098748173,98.3951101213268,0.995
678,178.1626708003901,98.35712624916901,0.995
679,277.13335661107806,102.67941377019983,0.995
680,8.779308516236881,102.23257016850057,0.995
681,271.51647411625925,106.08626428859324,0.995
682,275.0459855876353,106.45856834045357,0.995
683,-33.468112830409794,105.66251461081849,0.995
684,267.71921913009425,107.14985635592933,0.995
685,298.8927354835289,111.40447409469112,0.995
686,208.44462766385544,115.27521407376831,0.995
687,255.45788712192552,115.63575821101996,0.995
688,210.0131913489958,118.68319824108006,0.995
689,-90.92031674461475,115.48802192864976,0.995
690,197.00689277905312,115.54716131447557,0.995
691,238.3933503420048,118.96526948574757,0.995
692,284.87217758616157,122.99332800090704,0.995
693,-85.22752446478293,120.471152318023,0.995
694,73.2550938282427,118.71000116971048,0.995
695,-217.3604302414727,118.21976987675474,0.995
696,-68.52020762832406,117.34412249383047,0.995
697,-128.90191377774158,115.8283722029839,0.995
698,-39.4114930815988,113.15771471722441,0.995
699,-244.67432590484208,109.93684209090223,0.995
700,-199.400780847664,106.22397155561315,0.995
701,-112.42938196413878,102.06489427352237,0.995
702,-88.0449153057867,100.25242293595949,0.995
703,-171.320735217794,98.37010309003006,0.995
704,-139.06399421183355,99.6675366199154,0.995
705,-181.72008073398572,98.04314326214183,0.995
706,-126.33908011157406,94.52927495161151,0.995
707,-161.2800589582248,90.46643616019657,0.995
708,-197.69637593294863,85.84140287684542,0.995
709,-138.66836924315115,84.81017062775915,0.995
710,-127.65959094535727,81.29074896775808,0.995
711,-112.51571384851972,80.98331048873976,0.995
712,175.269559537414,81.48389240535816,0.995
713,-117.72019130929735,77.64385665835653,0.995
714,-195.70234318363467,75.10347133124857,0.995
715,-243.3443329492761,70.19572087186847,0.995
716,-219.07349182924102,69.5086147791791,0.995
717,-204.02274784812315,65.70573452497572,0.995
718,-159.03273623095615,61.32589031638193,0.995
719,-177.44538134945807,61.07139820630835,0.995
720,-148.2301572500818,56.688858800547784,0.995
721,-240.66735851871894,52.83819675803475,0.995
722,-371.76406227691643,50.16476374081797,0.995
723,-165.65863955901926,48.25519672774152,0.995
724,-195.4336974585279,43.98260961172234,0.995
725,-697.2707053241768,34.139615119880226,0.995
726,-273.3978498428248,29.018180449010462,0.995
727,-149.3165505577095,29.29011287828743,0.995
728,-171.13671353992532,26.635832362995743,0.995
729,-396.82249908835564,22.305487807324763,0.995
730,-452.199632385546,17.28769606964297,0.995
731,-349.3907579090098,12.234867881815763,0.995
732,-389.06178533488685,7.64927259416965,0.995
733,-526.9444971377716,1.8437505101538603,0.995
734,-429.37753658402744,-4.446087651963502,0.995
735,-465.44801541264496,-11.229795188596713,0.995
736,-341.3143078583736,-17.41435394133679,0.995
737,-199.17665167252187,-21.864137624040445,0.995
738,-382.7710460315519,-27.72103053341204,0.995
739,-392.47546987714867,-33.5887033423983,0.995
740,-232.12654867426917,-38.64682522973717,0.995
741,-353.3049180447198,-45.188481870889376,0.995
742,-297.09300027556264,-46.732991082804055,0.995
743,-155.33005106698673,-50.418523890468876,0.995
744,-197.49157781023,-55.15693956099677,0.995
745,-370.1507881673082,-57.20035963715026,0.995
746,-374.12950103132476,-59.31790014411818,0.995
747,-201.70934553225288,-63.52709204999487,0.995
748,-174.4775614794125,-67.69927816858738,0.995
749,-208.55662228573482,-70.63413150549925,0.995
750,-418.61545624300936,-76.68167135946565,0.995
751,-191.7265340392741,-78.75661542670233,0.995
752,-326.42236739101645,-80.3778485607206,0.995
753,-221.04615490022604,-84.83091358464635,0.995
754,-208.39718266078813,-85.78011806859116,0.995
755,-211.37716970345184,-90.75210896548653,0.995
756,-290.85487550707876,-96.3095022599618,0.995
757,-196.77301233521843,-98.78723810217514,0.995
758,-258.1612714093227,-99.66321804244069,0.995
759,-201.76120820075448,-103.2577880532761,0.995
760,-194.52282657054204,-107.09010991750618,0.995
761,-215.27253755491768,-110.37109907724141,0.995
762,-207.13306870034816,-114.85818757879116,0.995
763,-187.1025379986247,-116.66585241670774,0.995
764,-160.03913766662572,-120.98519522221777,0.995
765,-135.69966999680352,-122.97078812883123,0.995
766,-184.0282696548765,-125.2857354856475,0.995
767,-198.72101388838152,-130.18672918805106,0.995
768,-296.6213002687159,-132.36005369198043,0.995
769,-161.95683068710593,-136.83185479893902,0.995
770,-203.32240052787716,-140.8530934785127,0.995
771,-181.92863025559998,-144.26996055336303,0.995
772,-183.67476023831478,-145.85903657846947,0.995
773,-135.8304334674757,-147.39576248814566,0.995
774,-206.62414013933227,-148.88138570531189,0.995
775,-256.18668929353447,-154.0127408671792,0.995
776,-129.4132783287361,-155.45934691982552,0.995
777,-165.95079327992698,-159.92393495137298,0.995
778,-124.92341742094634,-162.9547958335863,0.995
779,-111.2835821513085,-166.83896522121017,0.995
780,-135.4858865890426,-168.28161717226297,0.995
781,-76.61697699308793,-171.76295168335645,0.995
782,-219.143663488154,-176.70484817411435,0.995
783,-93.31297776957679,-177.30329682350603,0.995
784,-65.30310738448202,-180.63352008865178,0.995
785,-69.82851324393067,-184.32073257592637,0.995
786,-75.59324922338236,-187.16111134479874,0.995
787,-45.84849899011582,-190.17417520591917,0.995
788,-83.95224076025227,-193.11382952701163,0.995
789,-120.59087076764878,-193.410535067242,0.995
790,-25.96203585447394,-195.64022435357725,0.995
791,-83.77232439111712,-198.8618811009085,0.995
792,-79.11174043974235,-202.5017202811675,0.995
793,-88.37077350633402,-202.53315277158302,0.995
794,-98.4957311218688,-204.25066102108408,0.995
795,-125.039548201372,-203.32745220068315,0.995
796,-126.25744229547163,-203.90482454735462,0.995
797,-121.44868777966693,-203.83029228737385,0.995
798,-203.92132571538536,-205.4753906137118,0.995
799,-47.523783352937464,-203.5038851881927,0.995
800,-56.95837661222139,-202.07946114583828,0.995
