Episode,Score,Average Score,learning_rate_critic
1,-373.80707416718616,,0.001
2,-294.8035053586446,,0.001
3,-513.654297569761,,0.001
4,-388.6918333309468,,0.001
5,-515.0647456423355,,0.001
6,-124.44210414395344,,0.001
7,-127.27788451167855,,0.001
8,-149.94625928125774,,0.001
9,-119.58503243720654,,0.001
10,-146.63763848491718,,0.001
11,-122.13148386221403,,0.001
12,-87.73942279407686,,0.001
13,-98.56498826808874,,0.001
14,-143.64838076876896,,0.001
15,-119.76594027843208,,0.001
16,-110.45471778679277,,0.001
17,-138.4160636501358,,0.001
18,-125.79707425428994,,0.001
19,-113.43789855904569,,0.001
20,-108.29256945007313,,0.001
21,-137.42018204000655,,0.001
22,-131.45581167550128,,0.001
23,-146.43105761277877,,0.001
24,-145.36901139354654,,0.001
25,-137.03109567311324,,0.001
26,-154.30370485163496,,0.001
27,-138.96921903864114,,0.001
28,-139.50624582785963,,0.001
29,-129.35628289744017,,0.001
30,-138.53483633298072,,0.001
31,-125.15709970823103,,0.001
32,-115.14552834139228,,0.001
33,-115.59359460239219,,0.001
34,-125.83732544921078,,0.001
35,-116.46114185221495,,0.001
36,-106.61538352036781,,0.001
37,-111.09742325337685,,0.001
38,-99.26834907700143,,0.001
39,-115.95570629568712,,0.001
40,-102.09670251799496,,0.001
41,-105.89368299063914,,0.001
42,-115.62991460676886,,0.001
43,-121.36638041887682,,0.001
44,-128.681725189101,,0.001
45,-125.5338236333974,,0.001
46,-96.25791975920231,,0.001
47,-102.49964251066937,,0.001
48,-125.0130325305727,,0.001
49,-110.8458823842176,,0.001
50,-135.5294048853804,,0.001
51,-110.90155626077278,,0.001
52,-124.72637934780639,,0.001
53,-138.46112366462452,,0.001
54,-105.05738794226033,,0.001
55,-127.3666081120951,,0.001
56,-145.3268323321579,,0.001
57,-148.2159972373475,,0.001
58,-118.0492621364996,,0.001
59,-150.9934519286274,,0.001
60,-100.61689250090708,,0.001
61,-121.8053373303828,,0.001
62,-133.84700209617617,,0.001
63,-102.32728728573919,,0.001
64,-111.36068030825591,,0.001
65,-112.1289460800308,,0.001
66,-134.28189133776698,,0.001
67,-101.62187119132926,,0.001
68,-108.23774084892801,,0.001
69,-141.55578946345034,,0.001
70,-122.45982901578697,,0.001
71,-115.51108894862998,,0.001
72,-115.05462792126704,,0.001
73,-512.4799961988447,,0.001
74,-19.805364828237302,,0.001
75,-15.622170833562222,,0.001
76,-202.14178888769897,,0.001
77,-315.9152819395524,,0.001
78,-80.42320048982305,,0.001
79,-292.9515217520292,,0.001
80,-303.6190347111502,,0.001
81,-100.42361307677551,,0.001
82,-210.74791539205182,,0.001
83,-53.43163959584016,,0.001
84,-292.3763343902808,,0.001
85,-175.01595182303956,,0.001
86,-127.5436936343176,,0.001
87,-340.21889877568134,,0.001
88,-232.82183215219555,,0.001
89,-210.37472179672517,,0.001
90,-140.2048814226271,,0.001
91,-133.90728825762636,,0.001
92,-458.72383452670954,,0.001
93,-207.42570391927006,,0.001
94,-339.5329945861421,,0.001
95,-263.6370417956227,,0.001
96,-127.13584002617188,,0.001
97,-72.76885232336463,,0.001
98,-92.21448780511827,,0.001
99,-22.577946694848976,,0.001
100,-73.08949505837262,-157.2805493545453,0.001
101,-107.98986738476049,-154.62237728672102,0.001
102,-340.91786253364467,-155.083520858471,0.001
103,-140.30337557324842,-151.35001163850586,0.001
104,-324.55589647276724,-150.70865226992407,0.001
105,-122.5945983869921,-146.78395079737064,0.001
106,-124.99760428180312,-146.78950579874913,0.001
107,-101.43952564930254,-146.53112221012537,0.001
108,-50.516655731818176,-145.53682617463096,0.001
109,-78.8981965242343,-145.12995781550126,0.001
110,-47.766860810308636,-144.14125003875517,0.001
111,-34.6046341298728,-143.26598154143178,0.001
112,-21.45568261913395,-142.60314413968234,0.001
113,-83.51703819722215,-142.4526646389737,0.001
114,-65.43549704252285,-141.67053580171122,0.001
115,-62.504069413907466,-141.09791709306597,0.001
116,-41.37581962329992,-140.407128111431,0.001
117,-73.94766000718104,-139.7624440750015,0.001
118,-17.441537311786846,-138.67888870557644,0.001
119,-27.220371214080526,-137.8167134321268,0.001
120,-8.364319910900798,-136.81743093673506,0.001
121,-67.8782025214906,-136.12201114154993,0.001
122,24.919976136611584,-134.5582532634288,0.001
123,-74.12235397613578,-133.8351662270624,0.001
124,-46.921057826278606,-132.8506866913897,0.001
125,41.55488326746954,-131.06482690198388,0.001
126,-5.446451965290045,-129.57625437312038,0.001
127,4.756081215778593,-128.1390013705762,0.001
128,-69.45622102781033,-127.4385011225757,0.001
129,-36.03862551836629,-126.50532454878497,0.001
130,-0.8786609019349383,-125.12876279447451,0.001
131,-130.95316857256367,-125.18672348311786,0.001
132,-10.185110055273945,-124.13711930025666,0.001
133,-1.4027984012300547,-122.99521133824503,0.001
134,8.756154592760337,-121.64927653782532,0.001
135,-26.87898404473448,-120.75345495975053,0.001
136,-35.325583227627554,-120.04055695682312,0.001
137,-10.169273646332885,-119.0312754607527,0.001
138,-154.62954742746226,-119.5848874442573,0.001
139,-62.59266257186995,-119.05125700701912,0.001
140,-20.94744663557701,-118.23976444819495,0.001
141,-42.3740140302127,-117.60456775859066,0.001
142,-109.76628188302034,-117.54593143135317,0.001
143,-43.85161175697455,-116.77078374473415,0.001
144,0.027304066735102328,-115.4836934521758,0.001
145,-23.914970114403456,-114.46750491698586,0.001
146,-43.61946313849848,-113.94112035077883,0.001
147,-23.275524327009137,-113.14887916894224,0.001
148,-78.07654707608486,-112.67951431439735,0.001
149,-118.3351663581979,-112.75440715413717,0.001
150,-83.50723584444098,-112.23418546372777,0.001
151,-8.87524418148263,-111.21392234293488,0.001
152,-204.59020849060727,-112.01256063436286,0.001
153,-161.38538492396594,-112.24180324695628,0.001
154,-28.14552501850347,-111.4726846177187,0.001
155,-172.91287196797643,-111.9281472562775,0.001
156,5.237428450782993,-110.4225046484481,0.001
157,-171.51436685362896,-110.65548834461093,0.001
158,-58.07382623380789,-110.05573398558401,0.001
159,15.539362474679864,-108.39040584155094,0.001
160,-24.008850440108937,-107.62432542094295,0.001
161,-158.32603067748596,-107.98953235441401,0.001
162,-48.547777002853095,-107.13654010348077,0.001
163,15.844705661047144,-105.95482017401291,0.001
164,22.118689089230458,-104.62002648003805,0.001
165,-36.96342218247825,-103.86837124106252,0.001
166,-2.5983078327559013,-102.55153540601239,0.001
167,-29.92583241647102,-101.8345750182638,0.001
168,35.83369239398055,-100.39386068583474,0.001
169,11.693282201158201,-98.86136996918866,0.001
170,-50.327288964448506,-98.14004456867528,0.001
171,41.03563925358048,-96.57457728665317,0.001
172,78.83741125000498,-94.63565689494045,0.001
173,18.097259855779086,-89.32988433439422,0.001
174,268.23498048412296,-86.44948088127062,0.001
175,81.63287640650452,-85.47693040886996,0.001
176,92.21956485700396,-82.53331687142293,0.001
177,48.365561278442875,-78.89050843924294,0.001
178,232.21712232443898,-75.76410521110031,0.001
179,110.49031763422782,-71.72968681723776,0.001
180,243.92342024213596,-66.2542622677049,0.001
181,-33.991241455434206,-65.5899385514915,0.001
182,113.56936315923832,-62.34676576597859,0.001
183,244.6225082416796,-59.36622428760339,0.001
184,119.92588665996763,-55.243202077100904,0.001
185,234.2313722313414,-51.15072883655708,0.001
186,266.9092151877592,-47.206199748336324,0.001
187,241.59449427652817,-41.38806581781422,0.001
188,272.01562715927446,-36.33969122469952,0.001
189,64.31807255733135,-33.59276328115894,0.001
190,268.8156709434532,-29.50255775749815,0.001
191,255.05187195412088,-25.612966155380672,0.001
192,234.9147576255588,-18.676580233857987,0.001
193,256.06222421887645,-14.041700952476525,0.001
194,273.60553654325605,-7.910315641182547,0.001
195,265.4551295097149,-2.6193939281291705,0.001
196,22.805900455306315,-1.1199765233143892,0.001
197,55.02728021795903,0.15798480209884744,0.001
198,245.35479142333494,3.5336775943833807,0.001
199,-34.3038655485158,3.416418405846713,0.001
200,-10.439467338902475,4.042918683041412,0.001
201,240.99348674391612,7.53275222432818,0.001
202,238.97541908816584,13.331685040546285,0.001
203,-16.731150479530015,14.56740729148347,0.001
204,178.81202387854142,19.60108649499655,0.001
205,263.12953249039424,23.458327803770416,0.001
206,3.889389709709306,24.747197743685543,0.001
207,262.0158839985095,28.38175184016366,0.001
208,285.13865258590414,31.738304923340884,0.001
209,276.1971221421543,35.28925811000477,0.001
210,253.06225882206567,38.29754930632852,0.001
211,254.3203505812231,41.18679915343948,0.001
212,207.72958733129343,43.47865185294375,0.001
213,213.62679029052072,46.45009013782118,0.001
214,-0.4789901604058002,47.09965520664235,0.001
215,-7.9799068573524465,47.644896832207905,0.001
216,-47.35341212274586,47.58512090721345,0.001
217,204.25153990497708,50.367112906335024,0.001
218,122.32871633851065,51.76481544283799,0.001
219,81.49288567634383,52.85194801174223,0.001
220,267.6288674054524,55.611879884905754,0.001
221,187.91102302204052,58.169772140341074,0.001
222,269.97552720599106,60.620327651034856,0.001
223,215.57846164343331,63.51733580723056,0.001
224,257.0707377692897,66.55725376318624,0.001
225,36.691459247849764,66.50861952299005,0.001
226,182.89766349396544,68.3920606775826,0.001
227,200.26346725309804,70.34713453795581,0.001
228,256.8945532861627,73.61064228109552,0.001
229,-64.23613342190346,73.32866720206017,0.001
230,232.73308984625464,75.66478470954206,0.001
231,266.4071663400784,79.63838805866848,0.001
232,238.19348138756186,82.12217397309684,0.001
233,240.0588497858024,84.53679045496716,0.001
234,228.1654338127605,86.73088324716717,0.001
235,101.83731055138989,88.01804619312841,0.001
236,248.21556581923068,90.85345768359697,0.001
237,266.20625486765414,93.61721296873688,0.001
238,256.86731978329396,97.73218164084443,0.001
239,258.50054087146145,100.94311367527774,0.001
240,242.52240139950317,103.57781215562852,0.001
241,237.2564012078348,106.37411630800902,0.001
242,-9.513033906257327,107.37664878777662,0.001
243,253.09965657120986,110.34616147105848,0.001
244,246.00268206903485,112.80591525108146,0.001
245,242.9086429722932,115.47415138194845,0.001
246,105.45719923073902,116.96491800564083,0.001
247,249.27467836406964,119.69042003255163,0.001
248,252.98998538650386,123.00108535717753,0.001
249,264.31892242197284,126.82762624497921,0.001
250,256.8014569356285,130.2307131727799,0.001
251,283.0858646647995,133.15032426124273,0.001
252,248.70482547757683,137.6832746009246,0.001
253,244.74456644670533,141.74457411463126,0.001
254,278.5814465872114,144.81184383068842,0.001
255,214.934684614915,148.6903193965173,0.001
256,256.90846465646314,151.20702975857412,0.001
257,249.0270940662863,155.4124443677733,0.001
258,220.74362931536132,158.20061892326498,0.001
259,50.566607322720586,158.55089137174537,0.001
260,245.57124710885833,161.24669234723507,0.001
261,290.4203521575688,165.73415617558558,0.001
262,-15.550121028310802,166.06413273533104,0.001
263,306.80479229244963,168.97373360164502,0.001
264,249.14397847067934,171.24398649545955,0.001
265,279.1724831013396,174.40534554829767,0.001
266,287.9498521502495,177.31082714812774,0.001
267,31.395900527616167,177.9240444775686,0.001
268,93.22830797423373,178.4979906333712,0.001
269,6.472495875601766,178.44578277011567,0.001
270,225.65618664782966,181.20561752623843,0.001
271,227.88852863658173,183.07414642006842,0.001
272,236.08943167864254,184.6466666243548,0.001
273,252.56987797624544,186.99139280555949,0.001
274,298.22717903766534,187.2913147910949,0.001
275,192.25816130279335,188.3975676400578,0.001
276,292.3103285804415,190.39847527729216,0.001
277,10.627258716599655,190.02109225167374,0.001
278,255.23719313364523,190.25129295976578,0.001
279,261.6348993735869,191.7627387771594,0.001
280,-113.79845733914775,188.18552000134653,0.001
281,260.0926635918297,191.1263590518192,0.001
282,274.6446058464224,192.737111478691,0.001
283,264.6305827467479,192.93719222374165,0.001
284,266.44102026478515,194.40234355978984,0.001
285,276.12385625282576,194.8212684000047,0.001
286,258.3394496586676,194.7355707447138,0.001
287,270.5652373258745,195.02527817520723,0.001
288,250.32521754907555,194.80837407910528,0.001
289,17.46603055881515,194.33985365912005,0.001
290,236.38201227020792,194.01551707238767,0.001
291,-45.74198506393416,191.0075785022071,0.001
292,219.1943908454615,190.85037483440618,0.001
293,180.0841713782113,190.09059430599947,0.001
294,293.87027448422066,190.29324168540913,0.001
295,271.59395054763905,190.35462989578835,0.001
296,239.4346932877236,192.5209178241125,0.001
297,250.12467147391175,194.471891736672,0.001
298,245.19263077839605,194.47027013022264,0.001
299,242.55652407486158,197.2388740264564,0.001
300,230.52778179113335,199.64854651775676,0.001
301,241.89866990424972,199.65759834936011,0.001
302,226.38985547781243,199.53174271325665,0.001
303,249.02568652733717,202.18931108332526,0.001
1,-92.69773023362903,,0.005
2,-106.82384274491791,,0.005
3,-108.88510576259077,,0.005
4,-683.5019675924339,,0.005
5,-1419.7757201399897,,0.005
6,-701.4259195473442,,0.005
7,-1787.4930711877917,,0.005
8,-775.7823880392284,,0.005
9,-569.7490905250363,,0.005
10,-971.8894045200267,,0.005
11,-1103.4146047935415,,0.005
12,-1005.5201452835722,,0.005
13,-1826.5232662331764,,0.005
14,-905.9959989796549,,0.005
15,-846.4063047618264,,0.005
16,-898.3826800831544,,0.005
17,-494.2624600468015,,0.005
18,-1251.5615981954775,,0.005
19,-921.8558009445346,,0.005
20,-758.1063246948853,,0.005
21,-829.4366553523573,,0.005
22,-759.1928707584292,,0.005
23,-614.1164318383749,,0.005
24,-1145.7421146115073,,0.005
25,-341.16648304175516,,0.005
26,-209.48219893908154,,0.005
27,-287.6458841551398,,0.005
28,-381.05512195976866,,0.005
29,-232.13053273268724,,0.005
30,-379.8834280565808,,0.005
31,-129.2241735664018,,0.005
32,-191.77628654299778,,0.005
33,-241.0866531226738,,0.005
34,-222.9907554752961,,0.005
35,-292.59147324021103,,0.005
36,-255.3569194534545,,0.005
37,-184.5242441997834,,0.005
38,-90.55233804712354,,0.005
39,-169.5644445704545,,0.005
40,-210.94205314283397,,0.005
41,-56.920256351050966,,0.005
42,-182.64020506070403,,0.005
43,-568.6654983311037,,0.005
44,-340.94135293222917,,0.005
45,-388.7596293767706,,0.005
46,-162.33594462803003,,0.005
47,-75.07025938842844,,0.005
48,-96.33792903224217,,0.005
49,-184.44825370197404,,0.005
50,-283.22921138461857,,0.005
51,-356.0612821092073,,0.005
52,-331.4025064143643,,0.005
53,-231.9456952312864,,0.005
54,-439.23138724755023,,0.005
55,-341.5303773730863,,0.005
56,-307.42173564451,,0.005
57,-493.58553217153184,,0.005
58,-455.0308912709332,,0.005
59,-303.6846554262662,,0.005
60,-251.4301196787053,,0.005
61,-350.08370461007036,,0.005
62,-257.4096478177794,,0.005
63,-538.1608678871496,,0.005
64,-229.1441911522179,,0.005
65,-112.38181829612405,,0.005
66,-37.15536198859798,,0.005
67,-22.075157627716226,,0.005
68,-205.44083692140748,,0.005
69,-33.6010285648786,,0.005
70,-273.64510427644984,,0.005
71,-326.4224477902154,,0.005
72,-237.6587591744288,,0.005
73,-205.13546902837766,,0.005
74,-280.1532948565872,,0.005
75,-197.1033933566283,,0.005
76,-171.22424990816725,,0.005
77,-166.28178455475313,,0.005
78,-250.01289869278514,,0.005
79,-144.97316531651217,,0.005
80,-209.57451790618018,,0.005
81,-81.65597136069016,,0.005
82,-19.671589981692065,,0.005
83,-35.42042256955354,,0.005
84,-24.611231791800037,,0.005
85,9.182637947384258,,0.005
86,-21.65807120803003,,0.005
87,-148.52584511982462,,0.005
88,-118.15760757881351,,0.005
89,-111.62433479303502,,0.005
90,-129.1367105431048,,0.005
91,-142.56523749304122,,0.005
92,-125.15816879465206,,0.005
93,-10.12855796080731,,0.005
94,-48.949551729129084,,0.005
95,-232.6787411277258,,0.005
96,-211.61161768799892,,0.005
97,-93.51203199165802,,0.005
98,-23.64810623496856,,0.005
99,-132.35920233825874,,0.005
100,-97.34062502649073,-362.96055896982034,0.005
101,-83.11934011648789,-362.86477506864895,0.005
102,-90.83099795599723,-362.7048466207597,0.005
103,-82.9030643361785,-362.4450262064956,0.005
104,-91.9013015591077,-356.5290195461623,0.005
105,-103.89426249278375,-343.37020496969023,0.005
106,25.508834660913966,-336.10085742760765,0.005
107,-60.95731771760549,-318.8354998929059,0.005
108,-88.14266766410603,-311.95910268915463,0.005
109,-10.687985756827018,-306.36849164147253,0.005
110,-20.841743346874306,-296.858015029741,0.005
111,-19.307474949796497,-286.01694373130357,0.005
112,148.69445927917027,-274.47479768567615,0.005
113,3.5057555707924135,-256.1745074676365,0.005
114,-81.17887002445754,-247.92633617808448,0.005
115,-86.46538093526132,-240.32692693981883,0.005
116,-344.69996821765596,-234.79009982116386,0.005
117,-21.600314735407004,-230.0634783680499,0.005
118,-87.80295477145526,-218.42589193380965,0.005
119,-42.12707485503002,-209.62860467291463,0.005
120,-93.32752578132175,-202.98081668377898,0.005
121,-32.91220587457796,-195.01557218900118,0.005
122,-13.79453062403535,-187.56158878765729,0.005
123,-30.72214350906937,-181.72764590436418,0.005
124,-119.46909316103557,-171.46491568985945,0.005
125,-51.11389333379841,-168.56438979277988,0.005
126,-138.8167225201468,-167.85773502859055,0.005
127,-38.404108653196566,-165.36531727357112,0.005
128,-38.46828787776206,-161.93944893275105,0.005
129,5.247887301427692,-159.5656647324099,0.005
130,2.6753864589237297,-155.74007658725483,0.005
131,-31.85137345360364,-154.76634858612687,0.005
132,-151.52921747116096,-154.3638778954085,0.005
133,-112.95035452881558,-153.08251490946995,0.005
134,-135.73007219359906,-152.20990807665297,0.005
135,-4.819876272658648,-149.33219210697743,0.005
136,-76.7285928343297,-147.54590884078618,0.005
137,-65.82074750973929,-146.35887387388576,0.005
138,-103.55190673265236,-146.48886956074105,0.005
139,-86.81106353637628,-145.66133575040024,0.005
140,-9.958476912136232,-143.65149998809326,0.005
141,-156.62662274905747,-144.64856365207334,0.005
142,-197.86070437282564,-144.80076864519455,0.005
143,-260.2121318439254,-141.71623498032278,0.005
144,-230.34783570164007,-140.6102998080169,0.005
145,-38.90421710057185,-137.1117456852549,0.005
146,-118.27622424858754,-136.67114848146045,0.005
147,-24.619185344604254,-136.1666377410222,0.005
148,23.68447273512611,-134.96641372334855,0.005
149,142.16128471688958,-131.70031833915994,0.005
150,-67.9578154623813,-129.54760437993755,0.005
151,7.430093770400663,-125.91269062114146,0.005
152,-71.20447189187851,-123.31071027591662,0.005
153,23.788901491099864,-120.75336430869274,0.005
154,162.74622673300783,-114.73358816888717,0.005
155,-186.48373456930443,-113.18312174084934,0.005
156,-15.978960248411298,-110.26869398688835,0.005
157,207.42504399743564,-103.25858822519868,0.005
158,-84.07014210427914,-99.54898073353215,0.005
159,-112.7687450739494,-97.63982163000897,0.005
160,212.8788056405615,-92.99673237681631,0.005
161,190.23510920603877,-87.59354423865521,0.005
162,-13.833604997556762,-85.157783810453,0.005
163,190.64036894744186,-77.86977144210708,0.005
164,4.659132463983113,-75.53173820594506,0.005
165,110.05519526368393,-73.30736807034698,0.005
166,202.33312019818197,-70.91248324847919,0.005
167,-14.893460976742588,-70.84066628196946,0.005
168,-96.03231621415877,-69.74658107489695,0.005
169,-82.90484783016878,-70.23961926754986,0.005
170,4.848884607633849,-67.45467937870903,0.005
171,215.67001715783937,-62.03375472922848,0.005
172,192.55195276409808,-57.731647609843215,0.005
173,-12.062031965859404,-55.80091323921803,0.005
174,-33.496611982221154,-53.334346410474375,0.005
175,33.857447249237765,-51.02473800441571,0.005
176,17.21741202227922,-49.14032138511126,0.005
177,44.09449612260565,-47.03655857833767,0.005
178,125.58480408784155,-43.280581550531394,0.005
179,-10.070531318098986,-41.93155521054725,0.005
180,215.4377918710612,-37.68143211277484,0.005
181,-3.093070003282037,-36.89580309920077,0.005
182,202.43961964471285,-34.67469100293672,0.005
183,13.357211587801984,-34.18691466136316,0.005
184,-96.04114568859382,-34.9012138003311,0.005
185,-315.80734913999265,-38.15111367120487,0.005
186,204.56736426490926,-35.888859316475475,0.005
187,237.48741087936713,-32.02872675648356,0.005
188,12.166534272647269,-30.725485337968948,0.005
189,-43.175793170017805,-30.040999921738777,0.005
190,221.07273677617513,-26.538905448545975,0.005
191,214.10981605527667,-22.972154913062795,0.005
192,-116.67080276429344,-22.88728125275921,0.005
193,7.512233112662102,-22.710873342024517,0.005
194,256.95523247058713,-19.651825500027357,0.005
195,-265.44083467536655,-19.97944643550376,0.005
196,-1.7164440029536934,-17.880494698653305,0.005
197,25.114128178944767,-16.69423309694728,0.005
198,229.87102754414497,-14.159041759156146,0.005
199,35.339749896662994,-12.482052236806926,0.005
200,-28.62010575098968,-11.794847044051918,0.005
201,258.67952947265184,-8.376858348160521,0.005
202,253.0634406762522,-4.937913961838028,0.005
203,210.54168583900972,-2.0034664600861443,0.005
204,231.7369984841235,1.2329165403461646,0.005
205,31.851090704333558,2.5903700723173393,0.005
206,207.7030154169374,4.4123118798775725,0.005
207,7.491724831809435,5.096802305371722,0.005
208,131.7548202606211,7.295777184618994,0.005
209,177.06438827176328,9.173300924904899,0.005
210,-35.10483507317312,9.03067000764191,0.005
211,227.43501657074495,11.498094922847324,0.005
212,260.11802851534316,12.612330615209057,0.005
213,234.15336051198486,14.91880666462098,0.005
214,13.496277636691076,15.865558141232466,0.005
215,232.7182931010404,19.057394881595485,0.005
216,238.77163761913332,24.892110939963374,0.005
217,249.89519952562918,27.607066082573738,0.005
218,97.2650435922998,29.457746066211286,0.005
219,123.46827588525022,31.113699573614085,0.005
220,196.39061368833768,34.01088096831067,0.005
221,197.15602795252806,36.311563306581746,0.005
222,227.71845075132063,38.72669312033529,0.005
223,89.91494272508692,39.93306398267687,0.005
224,-11.289309437495579,41.014861819912255,0.005
225,222.5988269489078,43.75198902273934,0.005
226,20.589158696797355,45.34604783490877,0.005
227,77.14140484553691,46.50150296989611,0.005
228,55.88422965238833,47.445028145197604,0.005
229,247.7696827689771,49.8702460998731,0.005
230,-26.111590039985416,49.582376334884,0.005
231,-244.1565383497091,47.45932468592295,0.005
232,27.517588879818412,49.24979274943276,0.005
233,211.14512020941737,52.49074749681508,0.005
234,206.55287147447638,55.91357693349583,0.005
235,36.022730672453385,56.32200300294695,0.005
236,21.041605324230137,57.29970498453255,0.005
237,10.152462005717773,58.059437079687115,0.005
238,172.37090273100523,60.8186651743237,0.005
239,251.59069010641602,64.20268271075162,0.005
240,122.0011321559342,65.52227880143234,0.005
241,-131.12201778788034,65.7773248510441,0.005
242,218.44412686295775,69.94037316340194,0.005
243,-197.28028273212107,70.56969165451997,0.005
244,202.82807806303884,74.90145079216676,0.005
245,77.75985127208018,76.06809147589328,0.005
246,15.041797990657036,77.40127169828574,0.005
247,-40.177124254768124,77.2456923091841,0.005
248,214.14303506443508,79.15027793247718,0.005
249,130.98319069162474,79.03849699222455,0.005
250,237.24618075982812,82.09053695444663,0.005
251,58.22772500085644,82.59851326675118,0.005
252,203.17865071284388,85.3423444927984,0.005
253,125.13750263949018,86.35583050428231,0.005
254,140.40677555596668,86.13243599251192,0.005
255,204.4310217859757,90.04158355606471,0.005
256,133.06755451716194,91.53204870372043,0.005
257,208.80376918296622,91.54583595557575,0.005
258,156.29871336160065,93.94952451023455,0.005
259,-21.89029803572855,94.85830898061675,0.005
260,217.21977255590917,94.90171864977023,0.005
261,80.34938858812787,93.8028614435911,0.005
262,221.11281686643989,96.15232566223106,0.005
263,253.34353484050797,96.77935732116174,0.005
264,-54.947023983180614,96.1832957566901,0.005
265,9.597223693165475,95.17871604098491,0.005
266,-40.040088225925565,92.75498395674384,0.005
267,61.723776458681726,93.52115633109808,0.005
268,-154.1898116766405,92.93958137647327,0.005
269,226.70937149931615,96.03572356976812,0.005
270,226.00958594307357,98.24733058312253,0.005
271,44.77083761348406,96.53833878767895,0.005
272,84.68959513345155,95.4597152113725,0.005
273,231.88607746485602,97.89919630567965,0.005
274,194.4735670125866,100.17889809562772,0.005
275,54.96403018724828,100.38996392500783,0.005
276,22.507196991380383,100.44286177469886,0.005
277,246.89390554795023,102.47085586895227,0.005
278,241.3701888932054,103.62870971700592,0.005
279,21.56637535620609,103.94507878374898,0.005
280,42.293807273297574,102.21363893777134,0.005
281,129.98360472991172,103.54440568510329,0.005
282,231.89177022325273,103.83892719088868,0.005
283,-22.174972977214434,103.48360534523852,0.005
284,11.401713021239138,104.55803393233685,0.005
285,200.3067368209082,109.71917479194586,0.005
286,228.47399289802874,109.95824107827706,0.005
287,247.00410128338675,110.05340798231725,0.005
288,20.79523249142209,110.139694964505,0.005
289,-20.086419412043828,110.37058870208473,0.005
290,34.12874719084966,108.50114880623147,0.005
291,96.41845510517885,107.32423519673048,0.005
292,208.68506522276257,110.57779387660105,0.005
293,186.95735320703903,112.37224507754482,0.005
294,-54.25083058001227,109.26018444703882,0.005
295,233.35002338078783,114.24809302760038,0.005
296,-2.656953796147667,114.23868792966844,0.005
297,53.53602994836442,114.52290694736263,0.005
298,237.85008894376625,114.60269756135885,0.005
299,231.14248473299585,116.56072490972218,0.005
300,199.92494376554737,118.84617540488755,0.005
301,-69.13331680654042,115.56804694209562,0.005
302,72.6656113120862,113.76406864845397,0.005
303,55.867097872245964,112.21732276878633,0.005
304,154.9137425543006,111.44909020948812,0.005
305,147.52527912799556,112.60583209372474,0.005
306,196.0568005981347,112.48936994553671,0.005
307,205.3558488850913,114.46801118606953,0.005
308,70.22452801753168,113.85270826363865,0.005
309,167.68024893193422,113.75886687024033,0.005
310,107.8411419896441,115.1883266408685,0.005
311,272.20558028648634,115.63603227802592,0.005
312,232.89133273288243,115.36376532020131,0.005
313,207.3162458347458,115.09539417342893,0.005
314,215.89663582899894,117.11939775535198,0.005
315,57.44968254804712,115.36671164982205,0.005
316,89.37905141801706,113.87278578781088,0.005
317,53.90364578151588,111.91287025036974,0.005
318,192.5795722112452,112.8660155365592,0.005
319,185.10048755269145,113.48233765323363,0.005
320,218.59421333658395,113.70437364971609,0.005
321,76.41120482471013,112.49692541843793,0.005
322,84.76094200331455,111.06735033095785,0.005
323,205.31741006289565,112.22137500433595,0.005
324,90.2549991013516,113.23681808972441,0.005
325,220.2928757264342,113.21375857749966,0.005
326,50.68088219190269,113.51467581245072,0.005
327,96.9084200817283,113.71234596481264,0.005
328,66.86939717665577,113.82219764005531,0.005
329,154.51278870062794,112.88962869937183,0.005
330,268.0008290003143,115.83075288977481,0.005
331,131.37336058968054,119.58605187916874,0.005
332,193.86822816498747,121.24955827202042,0.005
333,211.1610740886732,121.24971781081298,0.005
334,107.84106902846098,120.26259978635284,0.005
335,236.56374033498687,122.26800988297816,0.005
336,254.15662261693024,124.59916005590517,0.005
337,237.9757710487998,126.87739314633598,0.005
338,223.6128791453263,127.38981291047918,0.005
339,234.94883088607526,127.22339431827577,0.005
340,132.5875385164257,127.3292583818807,0.005
341,251.55328210305473,131.15601138079006,0.005
342,241.20496394556,131.38361975161607,0.005
343,212.39775099183115,135.4804000888556,0.005
344,254.96032155105468,136.00172252373576,0.005
345,251.79131738656255,137.74203718488056,0.005
346,261.2865393183727,140.2044845981577,0.005
347,215.47339834347898,142.7609898241402,0.005
348,226.24171678299126,142.88197664132576,0.005
349,236.8127648997285,143.9402723834068,0.005
350,244.52999360780817,144.0131105118866,0.005
351,171.88571351279148,145.14969039700594,0.005
352,234.84712365253822,145.46637512640288,0.005
353,203.09797786625012,146.24597987867048,0.005
354,259.3064602457388,147.4349767255682,0.005
355,195.54702465880706,147.34613675429648,0.005
356,225.0103950098578,148.26556515922346,0.005
357,218.23986435486577,148.35992611094247,0.005
358,234.78991948809946,149.14483817220744,0.005
359,212.14300384407846,151.48517119100552,0.005
360,241.90787621179433,151.73205222756437,0.005
361,229.68476214431158,153.22540596312624,0.005
362,284.44005697636067,153.85867836422543,0.005
363,278.0845204631996,154.10608822045236,0.005
364,259.50286454927925,157.25058710577693,0.005
365,226.98099006179845,159.42442476946326,0.005
366,246.1420029957956,162.2862456816805,0.005
367,205.33421427559225,163.7223500598496,0.005
368,214.62608682669602,167.41050904488296,0.005
369,224.26510818890898,167.38606641177887,0.005
370,204.52250012576604,167.17119555360583,0.005
371,220.18117148990484,168.92529889237005,0.005
372,235.5037936269515,170.43344087730503,0.005
373,221.63132812022036,170.33089338385864,0.005
374,257.4165165737097,170.96032287946989,0.005
375,263.36113714370987,173.0442939490345,0.005
376,148.23072622209253,174.30152924134165,0.005
377,205.29517607139562,173.8855419465761,0.005
378,289.22869970567353,174.36412705470076,0.005
379,181.66195519765222,175.9650828531152,0.005
380,-77.53658817601372,174.76677889862208,0.005
381,6.924580886514861,173.5361886601881,0.005
382,-93.2025396606034,170.28524556134954,0.005
383,284.6539052363269,173.35353434348497,0.005
384,239.2899558399658,175.63241677167224,0.005
385,-184.76211993369805,171.78172820412618,0.005
386,148.45652188830684,170.98155349402896,0.005
387,243.41770911657812,170.9456895723609,0.005
388,-108.64453811537093,169.65129186629295,0.005
389,-103.52909542554337,168.81686510615796,0.005
390,-100.06231836557119,167.4749544505937,0.005
391,257.32687532367083,169.0840386527787,0.005
392,-126.22945126223541,165.7348934879287,0.005
393,-63.017370553005556,163.23514625032828,0.005
394,148.9650069047698,165.26730462517605,0.005
395,-74.67246188069241,162.18707977256128,0.005
396,170.3888605955622,163.91753791647835,0.005
397,272.9110850480232,166.11128846747496,0.005
398,-55.98299565189175,163.17295762151835,0.005
399,177.7904302228083,162.6394370764165,0.005
400,125.77983681395561,161.89798600690057,0.005
401,285.8122467318837,165.44744164228484,0.005
402,229.52996796693654,167.01608520883332,0.005
403,249.99679028610788,168.95738213297193,0.005
404,159.3529597594699,169.00177430502362,0.005
405,-312.475050593575,164.40177100780795,0.005
406,32.621738286664936,162.76742038469325,0.005
407,317.9494594765547,163.89335649060789,0.005
408,36.39937779617853,163.55510498839433,0.005
409,236.17847180478768,164.2400872171229,0.005
410,300.2233829411207,166.16390962663766,0.005
411,255.13454454242796,165.99319926919708,0.005
412,286.72662936722634,166.53155223554052,0.005
413,208.64196065654997,166.54480938375858,0.005
414,241.2776216493692,166.79861924196223,0.005
415,-36.07921336693395,165.86333028281243,0.005
416,162.33309468660596,166.5928707154983,0.005
417,256.82740727103806,168.62210833039353,0.005
418,247.63824390747558,169.17269504735586,0.005
419,287.1528538022993,170.19321870985195,0.005
420,237.94877758031117,170.38676435228916,0.005
421,245.19679457191268,172.0746202497612,0.005
422,233.8276452730501,173.56528728245857,0.005
423,53.022885402363926,172.04234203585327,0.005
424,193.59942681047198,173.07578631294447,0.005
425,276.61638313215906,173.6390213870017,0.005
426,287.96023888406916,176.0118149539234,0.005
427,287.79110464126575,177.92064179951873,0.005
428,131.05536028766392,178.56250143062883,0.005
429,208.3691032375693,179.10106457599824,0.005
430,221.10866072020852,178.6321428931972,0.005
431,284.56850247446675,180.16409431204505,0.005
432,261.55723431024546,180.84098437349766,0.005
433,245.18432244709012,181.18121685708186,0.005
434,260.98216136048904,182.7126277804021,0.005
435,208.62266911477212,182.43321706819992,0.005
436,203.76927081556678,181.92934355018627,0.005
437,219.60114367562488,181.74559727645453,0.005
438,150.060917775213,181.0100776627534,0.005
439,267.5954765950603,181.33654411984324,0.005
440,268.35411486196966,182.69420988329867,0.005
441,302.9053153733664,183.20773021600183,0.005
442,168.25847493239817,182.4782653258702,0.005
443,144.19262800821838,181.79621409603408,0.005
444,273.54413698463327,181.98205225036986,0.005
445,264.34294300260757,182.1075685065303,0.005
446,244.89639202192558,181.94366703356584,0.005
447,204.48219291680903,181.83375497929916,0.005
448,251.87714629086975,182.0901092743779,0.005
449,235.76714115690442,182.07965303694968,0.005
450,261.9363319783174,182.25371642065477,0.005
451,-20.19440102262429,180.33291527530062,0.005
452,230.38674563351128,180.28831149511032,0.005
453,288.4268075578258,181.1415997920261,0.005
454,179.81286143761156,180.34666380394484,0.005
455,181.6852179930328,180.20804573728708,0.005
456,132.08578643747984,179.2787996515633,0.005
457,185.95165141133504,178.955917522128,0.005
458,255.40162812288975,179.16203460847595,0.005
459,234.8025202555373,179.3886297725905,0.005
460,171.4297231132162,178.68384824160472,0.005
461,-53.232419815732115,175.85467642200427,0.005
462,274.63776299469873,175.75665348218766,0.005
463,208.2071128006664,175.05787940556226,0.005
464,204.4616523188178,174.50746728325768,0.005
465,187.40286458042698,174.11168602844398,0.005
466,252.7484610138828,174.17775060862485,0.005
467,12.216290407249943,172.24657136994145,0.005
468,186.29311424590873,171.9632416441336,0.005
469,279.9969815715141,172.52056037795967,0.005
470,21.1560476988071,170.6868958536901,0.005
471,265.94598725949777,171.144544011386,0.005
472,152.46561290107167,170.31416220412717,0.005
473,236.55809360939395,170.4634298590189,0.005
474,241.1135763597384,170.30040045687917,0.005
475,180.93106734712208,169.47609975891334,0.005
476,165.75440156885145,169.65133651238088,0.005
477,236.7228690347345,169.9656134420143,0.005
478,228.09599356011097,169.35428638055865,0.005
479,280.8030273784159,170.34569710236627,0.005
480,224.8146538837262,173.36920952296367,0.005
481,260.9289405683078,175.9092531197816,0.005
482,232.1129386211914,179.1624079025996,0.005
483,255.2853327167728,178.868722177404,0.005
484,232.30590153284726,178.79888163433282,0.005
485,238.70389922399744,183.03354182590982,0.005
486,239.9083810115039,183.9480604171418,0.005
487,269.1195193810745,184.20507851978672,0.005
488,218.2657850769138,187.4741817517096,0.005
489,160.31075526763618,190.1125802586414,0.005
490,282.44559801337994,193.93765942243093,0.005
491,-69.5377703800647,190.66901296539353,0.005
492,238.48304920181118,194.31613797003402,0.005
493,276.03023914270045,197.70661406699102,0.005
494,281.8277594426652,199.03524159237,0.005
495,24.526584775544222,200.02723205893238,0.005
1,-256.71712700608396,,0.0001
2,-6.49287097408363,,0.0001
3,-541.9591201156187,,0.0001
4,-897.3784703468082,,0.0001
5,-438.4920331227566,,0.0001
6,-501.6059859841562,,0.0001
7,-541.8528543742813,,0.0001
8,-498.01131420176665,,0.0001
9,-421.6279183584689,,0.0001
10,-504.1026712133059,,0.0001
11,-714.0814931378743,,0.0001
12,-485.72929898051206,,0.0001
13,-650.3436051867938,,0.0001
14,-396.670617213308,,0.0001
15,-371.27058441904177,,0.0001
16,-721.8992952103415,,0.0001
17,-374.5970797634587,,0.0001
18,-295.8684735864538,,0.0001
19,-505.3539216456844,,0.0001
20,-479.14056926039325,,0.0001
21,-441.84416026247914,,0.0001
22,-833.4825260339594,,0.0001
23,-549.4948165330666,,0.0001
24,-533.2778407461323,,0.0001
25,-339.2101119389959,,0.0001
26,-292.46218419467243,,0.0001
27,-408.03715942902767,,0.0001
28,-420.9133076964916,,0.0001
29,-428.85727624921395,,0.0001
30,-530.5282706864097,,0.0001
31,-392.628402190441,,0.0001
32,-282.0063768879914,,0.0001
33,-257.56571165952096,,0.0001
34,-524.8582430423847,,0.0001
35,-520.1851156480866,,0.0001
36,-415.1869826032511,,0.0001
37,-621.5583928166133,,0.0001
38,-911.124843091513,,0.0001
39,-735.9165818911191,,0.0001
40,-266.0418917021602,,0.0001
41,-301.56124439132975,,0.0001
42,-408.4278254765664,,0.0001
43,-319.9482037588822,,0.0001
44,-596.3523154115817,,0.0001
45,-383.7710497193091,,0.0001
46,-795.1315635594636,,0.0001
47,-519.3393815048128,,0.0001
48,-537.7158669216252,,0.0001
49,-439.91909942530805,,0.0001
50,-101.31416167467482,,0.0001
51,-153.8002333304397,,0.0001
52,-144.48660773548704,,0.0001
53,-187.6866076010235,,0.0001
54,-89.81018919541954,,0.0001
55,-124.12244780204952,,0.0001
56,-126.04207805586897,,0.0001
57,-100.40003430817214,,0.0001
58,-119.92384394680735,,0.0001
59,-128.05785247761813,,0.0001
60,-109.14254205198995,,0.0001
61,-132.3712782191112,,0.0001
62,-104.78166449777804,,0.0001
63,-118.91359943795939,,0.0001
64,-123.0918868414183,,0.0001
65,-145.8813496424283,,0.0001
66,-132.8487965045996,,0.0001
67,-127.08617910144571,,0.0001
68,-148.53606323141358,,0.0001
69,-165.17833652844197,,0.0001
70,-312.7622744677284,,0.0001
71,-132.3217035616772,,0.0001
72,-112.68306310129965,,0.0001
73,-124.74134415454716,,0.0001
74,-93.25253490748082,,0.0001
75,-121.64025068888236,,0.0001
76,-146.85345295949014,,0.0001
77,-136.77490837291145,,0.0001
78,-107.66848750143195,,0.0001
79,-125.78632061337018,,0.0001
80,-147.92541217607942,,0.0001
81,-125.2752057015017,,0.0001
82,-144.43827201571605,,0.0001
83,-154.02320126683065,,0.0001
84,-122.89739106780817,,0.0001
85,-97.52677991529961,,0.0001
86,-113.68826292626044,,0.0001
87,-99.79285250825161,,0.0001
88,-116.59130294782895,,0.0001
89,-143.4870811623112,,0.0001
90,-148.58257958620192,,0.0001
91,-135.68596619041315,,0.0001
92,-150.20446098205593,,0.0001
93,-128.337596986481,,0.0001
94,-131.93707621175446,,0.0001
95,-136.5051040042089,,0.0001
96,-162.02907972836863,,0.0001
97,-133.14607946175414,,0.0001
98,-140.24163745538982,,0.0001
99,-133.77509574952916,,0.0001
100,-127.7465694116173,-304.0233914954223,0.0001
101,-135.76332248874482,-302.8138534502489,0.0001
102,-116.46412745245584,-303.9135660150326,0.0001
103,-114.38141600770088,-299.6377889739535,0.0001
104,-104.28415795280867,-291.70684585001345,0.0001
105,-133.6882352991294,-288.6588078717772,0.0001
106,-158.10519772484864,-285.2237999891841,0.0001
107,-124.51009281053565,-281.0503723735467,0.0001
108,-115.15800082677337,-277.22183923979674,0.0001
109,-156.93440130994597,-274.5749040693115,0.0001
110,-111.85654360832322,-270.6524427932616,0.0001
111,-163.03371573210535,-265.14196501920395,0.0001
112,-125.03726226043298,-261.53504465200314,0.0001
113,-129.02347668297858,-256.321843366965,0.0001
114,-106.6085160843144,-253.4212223556751,0.0001
115,-155.33607314773033,-251.26187724296196,0.0001
116,-150.7321943101141,-245.55020623395964,0.0001
117,-109.42099898640703,-242.89844542618917,0.0001
118,-115.64919635348974,-241.09625265385952,0.0001
119,-116.00045371726993,-237.2027179745754,0.0001
120,-133.90180289944982,-233.75033031096598,0.0001
121,-104.16227316366454,-230.37351143997785,0.0001
122,-131.89567182391687,-223.3576428978774,0.0001
123,-130.48285647267448,-219.16752329727345,0.0001
124,-105.131832605684,-214.88606321586897,0.0001
125,-98.55742077513213,-212.47953630423032,0.0001
126,-87.0505919159723,-210.42542038144333,0.0001
127,-117.93338184809605,-207.52438260563403,0.0001
128,-122.53532207133284,-204.54060274938246,0.0001
129,-140.94041124692498,-201.66143409935958,0.0001
130,-177.01415324007968,-198.12629292489626,0.0001
131,-148.6843926879719,-195.68685282987155,0.0001
132,-121.78533382074767,-194.0846423991991,0.0001
133,-95.89801976243619,-192.46796548022826,0.0001
134,-141.3752650082409,-188.63313569988685,0.0001
135,-141.0013760414542,-184.84129830382054,0.0001
136,-172.00085054787385,-182.40943698326674,0.0001
137,-112.83548355543115,-177.32220789065497,0.0001
138,-104.45700955333074,-169.25552955527309,0.0001
139,-144.12640503431618,-163.33762778670507,0.0001
140,-129.07478562526794,-161.96795672593612,0.0001
141,-139.69243060154517,-160.3492685880383,0.0001
142,-139.2020877115691,-157.6570112103883,0.0001
143,-123.92566962124583,-155.69678586901193,0.0001
144,-124.95174030378186,-150.98278011793394,0.0001
145,-131.6697152761279,-148.46176677350212,0.0001
146,-166.70101453641666,-142.17746128327167,0.0001
147,-111.69375168872205,-138.1010049851108,0.0001
148,-98.71556677027786,-133.7110019835973,0.0001
149,-107.49422035897514,-130.38675319293395,0.0001
150,-161.14093377601876,-130.98502091394738,0.0001
151,-117.67587876841951,-130.62377736832718,0.0001
152,-118.0919187804934,-130.35983047877727,0.0001
153,-135.92821257250964,-129.84224652849213,0.0001
154,-164.22412440629006,-130.58638588060083,0.0001
155,-130.83303416942132,-130.65349174427453,0.0001
156,-146.28300974582078,-130.85590106117408,0.0001
157,-100.74915229444662,-130.85939224103683,0.0001
158,-94.71756854370463,-130.6073294870058,0.0001
159,-175.50016683855233,-131.08175263061514,0.0001
160,-141.3943537118433,-131.40427074721367,0.0001
161,-128.46035925026558,-131.36516155752523,0.0001
162,-110.65847317958259,-131.42392964434327,0.0001
163,-140.59280137236698,-131.64072166368734,0.0001
164,-114.6758889779746,-131.5565616850529,0.0001
165,-100.06814775921463,-131.09842966622077,0.0001
166,-127.11265695482189,-131.04106827072297,0.0001
167,-130.45085331727094,-131.07471501288123,0.0001
168,-128.2759203040801,-130.8721135836079,0.0001
169,-113.78196317781237,-130.3581498501016,0.0001
170,-184.30590880653716,-129.0735861934897,0.0001
171,-112.23654293010132,-128.87273458717394,0.0001
172,-139.49825973347356,-129.14088655349565,0.0001
173,-116.51185014734273,-129.0585916134236,0.0001
174,-132.13616461444548,-129.44742791049325,0.0001
175,-167.08361994512745,-129.90186160305572,0.0001
176,-118.95959344594961,-129.62292300792032,0.0001
177,-114.67394129926873,-129.4019133371839,0.0001
178,-141.85144257593353,-129.7437428879289,0.0001
179,-122.35852619934786,-129.7094649437887,0.0001
180,-146.43278653828241,-129.6945386874107,0.0001
181,-118.2798446084032,-129.62458507647972,0.0001
182,-106.70603347208957,-129.24726269104346,0.0001
183,-102.8498221434177,-128.73552889980934,0.0001
184,-134.57196806821554,-128.85227466981343,0.0001
185,-159.4518563702423,-129.47152543436286,0.0001
186,-118.30412539755682,-129.5176840590758,0.0001
187,-140.97964739182558,-129.92955200791152,0.0001
188,-122.29571558235806,-129.98659613425684,0.0001
189,-99.67949778741531,-129.5485203005079,0.0001
190,-130.69611279121688,-129.36965563255802,0.0001
191,-127.86792292232897,-129.2914751998772,0.0001
192,-136.32839157815064,-129.15271450583813,0.0001
193,-152.97311061449193,-129.39906964211823,0.0001
194,-112.81982189276212,-129.20789709892833,0.0001
195,-132.52931196912886,-129.16813917857752,0.0001
196,-95.85437842925647,-128.5063921655864,0.0001
197,-125.03842363713089,-128.42531560734014,0.0001
198,-131.1502334614773,-128.33440156740104,0.0001
199,-125.60527988053995,-128.25270340871114,0.0001
200,-133.75879165744567,-128.3128256311694,0.0001
201,-156.46622565409353,-128.51985466282292,0.0001
202,-127.33575334549808,-128.62857092175335,0.0001
203,-100.66838546966731,-128.491440616373,0.0001
204,-114.08152032120495,-128.58941424005698,0.0001
205,-127.67306979650681,-128.52926258503075,0.0001
206,-154.85409376405704,-128.49675154542282,0.0001
207,-118.52595620906307,-128.4369101794081,0.0001
208,-132.06779841651192,-128.6060081553055,0.0001
209,-110.52607757511757,-128.1419249179572,0.0001
210,-85.84360303901235,-127.88179551226409,0.0001
211,-93.40721276802101,-127.18553048262325,0.0001
212,-133.64363169843557,-127.2715941770033,0.0001
213,-87.3473964726127,-126.85483337489963,0.0001
214,-146.69862734482317,-127.25573448750471,0.0001
215,-143.4222780764441,-127.13659653679186,0.0001
216,-145.14436570538916,-127.08071825074461,0.0001
217,-111.5696439052571,-127.10220469993311,0.0001
218,-113.35886101518574,-127.07930134655005,0.0001
219,-114.23215602372747,-127.06161836961462,0.0001
220,-110.97458656634501,-126.83234620628356,0.0001
221,-113.84951899043301,-126.92921866455124,0.0001
222,-100.41613332640405,-126.61442327957612,0.0001
223,-120.91631454490569,-126.51875786029845,0.0001
224,-143.5826118023142,-126.90326565226475,0.0001
225,-114.38103844481167,-127.06150182896154,0.0001
226,-115.63079070131678,-127.34730381681499,0.0001
227,-121.22277443496529,-127.38019774268369,0.0001
228,-128.87565621103664,-127.44360108408073,0.0001
229,-108.53462064492712,-127.11954317806074,0.0001
230,-84.7059376372528,-126.19646102203247,0.0001
231,-142.06106813646028,-126.13022777651734,0.0001
232,-111.43480919337387,-126.02672253024359,0.0001
233,-153.631646356458,-126.60405879618382,0.0001
234,-103.36710217809535,-126.22397716788237,0.0001
235,-123.65171767984877,-126.0504805842663,0.0001
236,-112.86164308761153,-125.45908850966369,0.0001
237,-114.52994651396017,-125.47603313924897,0.0001
238,-142.75344971517393,-125.8589975408674,0.0001
239,-99.76242978897798,-125.41535778841403,0.0001
240,-145.46682008219926,-125.57927813298335,0.0001
241,-91.88081066401244,-125.101161933608,0.0001
242,-121.65186239030771,-124.9256596803954,0.0001
243,-119.41083606931196,-124.88051134487607,0.0001
244,-134.45729317967198,-124.97556687363497,0.0001
245,-114.54864404641216,-124.80435616133782,0.0001
246,-96.17751874791962,-124.09912120345284,0.0001
247,-141.88042753246853,-124.40098796189031,0.0001
248,-144.65655794296174,-124.86039787361716,0.0001
249,-115.45781164448402,-124.94003378647227,0.0001
250,-146.50368746711163,-124.79366132338319,0.0001
251,-114.98818740387065,-124.76678440973768,0.0001
252,-137.88385242799544,-124.9647037462127,0.0001
253,-130.35868582920537,-124.90900847877967,0.0001
254,-93.86211055262692,-124.20538834024305,0.0001
255,-118.38487394949601,-124.08090673804378,0.0001
256,-136.0615822449592,-123.97869246303515,0.0001
257,-109.70526325942701,-124.06825357268497,0.0001
258,-145.44046127870857,-124.57548250003501,0.0001
259,-82.9426283615879,-123.64990711526539,0.0001
260,-97.97282814516684,-123.2156918595986,0.0001
261,-134.78417622248227,-123.27893002932076,0.0001
262,-127.51260289343269,-123.44747132645924,0.0001
263,-111.78518639354547,-123.15939517667103,0.0001
264,-117.58813671663191,-123.18851765405759,0.0001
265,-99.31369359482208,-123.18097311241368,0.0001
266,-129.0924788373532,-123.20077133123901,0.0001
267,-107.00003590189702,-122.96626315708528,0.0001
268,-87.16131862655266,-122.55511714031002,0.0001
269,-120.18902646123466,-122.61918777314422,0.0001
270,-100.13076634156081,-121.77743634849445,0.0001
271,-124.95509875983967,-121.90462190679182,0.0001
272,-152.10367670063607,-122.03067607646342,0.0001
273,-111.04281402423791,-121.9759857152324,0.0001
274,-128.5480393662948,-121.9401044627509,0.0001
275,-117.00617418351484,-121.43933000513478,0.0001
276,-130.93555541536426,-121.55908962482891,0.0001
277,-118.67429787323958,-121.59909319056864,0.0001
278,-111.34593193778689,-121.29403808418718,0.0001
279,-111.16572233599996,-121.18211004555371,0.0001
280,-118.00976002419799,-120.89787978041286,0.0001
281,-127.6391780768122,-120.99147311509694,0.0001
282,-107.84418801304426,-121.00285466050649,0.0001
283,-113.39963891153788,-121.10835282818769,0.0001
284,-111.13826958565065,-120.87401584336203,0.0001
285,-123.92053905497677,-120.51870267020936,0.0001
286,-138.5992758297207,-120.72165417453101,0.0001
287,-107.55228433098637,-120.38738054392263,0.0001
288,-94.24036426188411,-120.10682703071788,0.0001
289,-148.3717178640298,-120.59374923148405,0.0001
290,-131.1626074054265,-120.59841417762613,0.0001
291,-131.52745561868002,-120.63500950458963,0.0001
292,-141.62724367250019,-120.6879980255331,0.0001
293,-92.58509129256686,-120.08411783231386,0.0001
294,-84.71231986798067,-119.80304281206605,0.0001
295,-125.89282196174457,-119.73667791199222,0.0001
296,-130.2592955498042,-120.0807270831977,0.0001
297,-117.0617745813851,-120.00096059264024,0.0001
298,-120.01880614122638,-119.88964631943773,0.0001
299,-124.40478882525076,-119.87764140888484,0.0001
300,-123.21803177100966,-119.7722338100205,0.0001
301,-109.14312544414793,-119.29900280792104,0.0001
302,-114.42175237252538,-119.16986279819132,0.0001
303,-118.79268947983479,-119.351105838293,0.0001
304,-123.75455249719492,-119.44783616005289,0.0001
305,-88.98765779369585,-119.06098204002477,0.0001
306,-125.34619089777505,-118.76590301136196,0.0001
307,-113.15874835690832,-118.71223093284043,0.0001
308,-139.7447151274307,-118.78900009994959,0.0001
309,-128.49931403525267,-118.96873246455095,0.0001
310,-113.52164938198277,-119.24551292798066,0.0001
311,-148.0769948569055,-119.79221074886948,0.0001
312,-106.57834980813882,-119.5215579299665,0.0001
313,-93.33737207179941,-119.58145768595836,0.0001
314,-119.86091693440348,-119.31308058185418,0.0001
315,-134.5110417313855,-119.22396821840361,0.0001
316,-115.09967634790118,-118.92352132482874,0.0001
317,-115.88571891563257,-118.9666820749325,0.0001
318,-96.24930717644955,-118.79558653654513,0.0001
319,-124.93020148740857,-118.90256699118194,0.0001
320,-163.01760323805632,-119.42299715789905,0.0001
321,-139.61767433611635,-119.68067871135587,0.0001
322,-132.75282819641126,-120.00404566005595,0.0001
323,-108.57192446489577,-119.88060175925584,0.0001
324,-122.40420252467172,-119.66881766647941,0.0001
325,-125.0526389569528,-119.77553367160083,0.0001
326,-93.71679071206643,-119.55639367170832,0.0001
327,-99.5559772094697,-119.33972569945335,0.0001
328,-122.81395468782694,-119.27910868422127,0.0001
329,-87.343077164508,-119.06719324941704,0.0001
330,-114.05293252153076,-119.36066319825983,0.0001
331,-88.42635778323549,-118.8243160947276,0.0001
332,-135.8013711650056,-119.0679817144439,0.0001
333,-120.96554601649719,-118.74132071104432,0.0001
334,-119.25513438114226,-118.9002010330748,0.0001
335,-128.8121211721264,-118.95180506799757,0.0001
336,-122.49966049920617,-119.04818524211352,0.0001
337,-122.9856617121734,-119.13274239409566,0.0001
338,-131.64489757307808,-119.02165687267468,0.0001
339,-81.96441434347508,-118.84367671821967,0.0001
340,-99.1399520120871,-118.38040803751852,0.0001
341,-111.27878764660028,-118.57438780734441,0.0001
342,-134.0409314975503,-118.69827849841683,0.0001
343,-126.31561502067524,-118.76732628793049,0.0001
344,-105.97506619113408,-118.4825040180451,0.0001
345,-100.01941504640415,-118.33721172804503,0.0001
346,-112.03960684902569,-118.49583260905611,0.0001
347,-122.51345248861722,-118.30216285861759,0.0001
348,-116.92317650442672,-118.02482904423223,0.0001
349,-97.37911819915425,-117.84404210977893,0.0001
350,-109.48693581513135,-117.47387459325914,0.0001
351,-130.13234890225672,-117.62531620824296,0.0001
352,-138.72634042638146,-117.63374108822683,0.0001
353,-129.98265974781845,-117.62998082741296,0.0001
354,-128.52969624500244,-117.97665668433672,0.0001
355,-110.84620372827173,-117.90126998212446,0.0001
356,-116.29054280202884,-117.70355958769518,0.0001
357,-113.68116916174789,-117.74331864671838,0.0001
358,-108.76184883752043,-117.37653252230652,0.0001
359,-135.4282874796329,-117.90138911348697,0.0001
360,-130.76138758389976,-118.22927470787428,0.0001
361,-126.15462067139134,-118.14297915236338,0.0001
362,-109.79043508477814,-117.96575747427686,0.0001
363,-123.69242508187736,-118.08482986116015,0.0001
364,-127.78231406693567,-118.18677163466319,0.0001
365,-140.1440770066,-118.59507546878096,0.0001
366,-125.88382794861496,-118.56298895989359,0.0001
367,-120.04495818503898,-118.693438182725,0.0001
368,-96.31441603605275,-118.78496915682003,0.0001
369,-103.50325855807536,-118.61811147778843,0.0001
370,-128.4411617817295,-118.90121543219011,0.0001
371,-91.93832033858672,-118.57104764797758,0.0001
372,-113.43218529750565,-118.18433273394626,0.0001
373,-120.94396940007769,-118.28334428770467,0.0001
374,-139.2339724604798,-118.3902036186465,0.0001
375,-116.34366918746822,-118.38357856868605,0.0001
376,-98.959476417753,-118.06381777870993,0.0001
377,-107.1234994719056,-117.94830979469658,0.0001
378,-130.34098353773066,-118.13826031069604,0.0001
379,-128.6384537593246,-118.31298762492926,0.0001
380,-80.16474834129122,-117.9345375081002,0.0001
381,-109.78647397202086,-117.75601046705229,0.0001
382,-96.71362692860549,-117.6447048562079,0.0001
383,-137.20116166726217,-117.88272008376515,0.0001
384,-111.32032339929034,-117.88454062190156,0.0001
385,-147.02228378272133,-118.11555806917899,0.0001
386,-105.15034608438971,-117.7810687717257,0.0001
387,-117.0361098623693,-117.8759070270395,0.0001
388,-120.81169218376102,-118.14162030625829,0.0001
389,-110.91404894120724,-117.76704361703007,0.0001
390,-121.98589767299049,-117.67527651970569,0.0001
391,-110.8090184676076,-117.46809214819496,0.0001
392,-103.77703383919814,-117.08959004986194,0.0001
393,-121.89083923533309,-117.38264752928963,0.0001
394,-132.5854062330863,-117.86137839294067,0.0001
395,-124.29282932490386,-117.84537846657227,0.0001
396,-117.1583763165109,-117.71436927423933,0.0001
397,-90.47237688515553,-117.44847529727704,0.0001
398,-106.06881389994771,-117.30897537486426,0.0001
399,-100.46155030175827,-117.06954298962934,0.0001
400,-129.5030580490113,-117.13239325240934,0.0001
401,-128.21981572808843,-117.32316015524873,0.0001
402,-122.33397219343834,-117.40228235345786,0.0001
403,-118.96372895348632,-117.40399274819438,0.0001
404,-140.01053936298976,-117.56655261685233,0.0001
405,-100.28469006325668,-117.67952293954794,0.0001
406,-139.20322047476557,-117.8180932353178,0.0001
407,-117.16614100139194,-117.85816716176267,0.0001
408,-97.40627369670243,-117.43478274745537,0.0001
409,-133.98490084419487,-117.48963861554479,0.0001
410,-108.1990510251116,-117.4364126319761,0.0001
411,-90.70642160838871,-116.86270689949093,0.0001
412,-113.10752305380987,-116.92799863194764,0.0001
413,-98.83067913598974,-116.98293170258955,0.0001
414,-116.10841017080085,-116.94540663495353,0.0001
415,-109.91004513361412,-116.69939666897582,0.0001
416,-131.63754049711545,-116.86477531046793,0.0001
417,-94.94379483694343,-116.65535606968103,0.0001
418,-107.29382898350951,-116.76580128775166,0.0001
419,-126.9275845792896,-116.78577511867044,0.0001
420,-112.98122957588346,-116.28541138204874,0.0001
421,-100.41610647182266,-115.8933957034058,0.0001
422,-96.85813180135935,-115.53444873945529,0.0001
423,-123.33588187776026,-115.68208831358392,0.0001
424,-119.37445484244245,-115.65179083676163,0.0001
425,-110.1412966595373,-115.50267741378747,0.0001
426,-109.4837581312918,-115.66034708797973,0.0001
427,-115.05744643484948,-115.81536178023354,0.0001
428,-90.88468879195327,-115.49606912127481,0.0001
429,-133.92449236945873,-115.9618832733243,0.0001
430,-108.24678001816991,-115.9038217482907,0.0001
431,-106.17588097840476,-116.08131698024239,0.0001
432,-125.94919828136237,-115.98279525140595,0.0001
433,-121.7068191736185,-115.99020798297714,0.0001
434,-117.73585658681596,-115.97501520503391,0.0001
435,-105.80806366432236,-115.74497462995586,0.0001
436,-113.8763941967758,-115.65874196693157,0.0001
437,-118.5665061470352,-115.61455041128018,0.0001
438,-127.08937669270156,-115.56899520247643,0.0001
439,-100.35262011317681,-115.75287726017346,0.0001
440,-124.112722798557,-116.00260496803814,0.0001
441,-115.41947617868323,-116.044011853359,0.0001
442,-119.45244601780475,-115.89812699856152,0.0001
443,-130.4286363539526,-115.93925721189429,0.0001
444,-97.00516540157555,-115.8495582039987,0.0001
445,-109.06204044167634,-115.93998445795141,0.0001
446,-105.97423472222245,-115.87933073668339,0.0001
447,-109.11569462696421,-115.74535315806685,0.0001
448,-110.65484030742324,-115.68266979609682,0.0001
449,-105.28482959176907,-115.76172691002296,0.0001
450,-117.14487897278256,-115.83830634159948,0.0001
451,-140.98926155366286,-115.94687546811352,0.0001
452,-101.40576695504642,-115.57366973340018,0.0001
453,-123.05715411784217,-115.50441467710041,0.0001
454,-116.41781031091139,-115.38329581775952,0.0001
455,-131.93861720414807,-115.59421995251827,0.0001
456,-82.834501880813,-115.25965954330613,0.0001
457,-1039.3222775709983,-124.51607062739862,0.0001
458,-605.6705384973908,-129.48515752399734,0.0001
459,-1214.2431842210074,-140.27330649141106,0.0001
460,-1061.7317748559267,-149.58301036413138,0.0001
461,-734.8314906777636,-155.66977906419507,0.0001
462,-1072.2614853673122,-165.29448956702043,0.0001
463,-1174.740274149789,-175.80496805769954,0.0001
464,-552.8573421616153,-180.05571833864633,0.0001
465,-552.3075513701783,-184.17735308228214,0.0001
466,-794.813289741885,-190.86664770021477,0.0001
467,-98.057036737952,-190.64676848574393,0.0001
468,-115.68267636674287,-190.84045108905082,0.0001
469,-120.6346596086104,-191.0117650995562,0.0001
470,-121.78026025513796,-190.9451560842903,0.0001
471,-86.84209482779481,-190.89419382918234,0.0001
472,-92.71696573165802,-190.6870416335239,0.0001
473,-108.19140790666012,-190.5595160185897,0.0001
474,-110.21162503469502,-190.26929254433188,0.0001
475,-89.27768124839614,-189.99863266494114,0.0001
476,-106.64942890153633,-190.07553218977898,0.0001
477,-85.59941928154906,-189.8602913878754,0.0001
478,-140.64582390793632,-189.96333979157745,0.0001
479,-95.7858114764954,-189.6348133687492,0.0001
480,-132.54407077107274,-190.158606593047,0.0001
481,-115.48339318400551,-190.21557578516683,0.0001
482,-112.88890004005034,-190.37732851628124,0.0001
483,-99.2312737294601,-189.9976296369032,0.0001
484,-115.87745742763708,-190.04320097718667,0.0001
485,-139.4332142265573,-189.96731028162503,0.0001
486,-123.0244348002018,-190.14605116878317,0.0001
487,-157.07831771043274,-190.54647324726375,0.0001
488,-112.72334708086103,-190.4655897962348,0.0001
489,-108.75272480817563,-190.44397655490448,0.0001
490,-113.79732281603822,-190.36209080633498,0.0001
491,-111.52207494681957,-190.36922137112708,0.0001
492,-118.30928032252831,-190.51454383596044,0.0001
493,-132.8232561409289,-190.62386800501636,0.0001
494,-125.20906862704234,-190.55010462895595,0.0001
495,-113.36657002914254,-190.44084203599832,0.0001
496,-138.997543403063,-190.6592337068638,0.0001
497,-101.61286614133958,-190.77063859942567,0.0001
498,-122.20431536113404,-190.93199361403754,0.0001
499,-121.1590634724736,-191.1389687457447,0.0001
500,-142.01394871623998,-191.264077652417,0.0001
501,-135.33889005371648,-191.3352683956733,0.0001
502,-105.59305114828243,-191.16785918522174,0.0001
503,-133.06837541106609,-191.30890564979754,0.0001
504,-108.24178981714226,-190.99121815433904,0.0001
505,-96.27505271045915,-190.95112178081104,0.0001
506,-119.0421204240937,-190.7495107803043,0.0001
507,-107.65259398549638,-190.6543753101453,0.0001
508,-134.3076432863535,-191.02338900604184,0.0001
509,-125.8959101300781,-190.9424990989007,0.0001
510,-109.71921567043378,-190.95770074535395,0.0001
511,-116.52589286249906,-191.21589545789504,0.0001
512,-115.89156811030809,-191.24373590846008,0.0001
513,-127.9127098904003,-191.53455621600418,0.0001
514,-141.29181616377934,-191.78639027593397,0.0001
515,-107.55066111111671,-191.76279643570896,0.0001
516,-90.22987830850899,-191.34871981382287,0.0001
517,-109.58915835808692,-191.4951734490343,0.0001
518,-86.59066993874967,-191.28814185858673,0.0001
519,-101.55749171800113,-191.03444092997387,0.0001
520,-134.06550400296499,-191.2452836742446,0.0001
521,-110.41434853973955,-191.34526609492383,0.0001
522,-123.83683068818534,-191.61505308379208,0.0001
523,-151.30697376993345,-191.89476400271383,0.0001
524,-130.8350392815169,-192.00936984710458,0.0001
525,-95.3523602307792,-191.86148048281694,0.0001
526,-122.6029999200652,-191.99267290070466,0.0001
527,-123.74533208797396,-192.07955175723592,0.0001
528,-138.37999376781846,-192.5545048069946,0.0001
529,-101.40918194529775,-192.229351702753,0.0001
530,-125.09578378015433,-192.39784174037283,0.0001
531,-112.61102320536995,-192.4621931626425,0.0001
532,-127.76996255864347,-192.48040080541531,0.0001
533,-103.26914958188905,-192.29602410949803,0.0001
534,-125.5410644036587,-192.37407618766645,0.0001
535,-118.55404846924411,-192.5015360357157,0.0001
536,-105.3054758892234,-192.41582685264018,0.0001
537,-117.44001751641176,-192.40456196633394,0.0001
538,-111.51112626280283,-192.24877946203492,0.0001
539,-108.97253945013514,-192.3349786554045,0.0001
540,-123.74441122044371,-192.3312955396234,0.0001
541,-104.71515223697052,-192.22425230020625,0.0001
542,-88.53581762955044,-191.91508601632373,0.0001
543,-142.2601724912671,-192.0334013776969,0.0001
544,-113.36803565592699,-192.19703008024035,0.0001
545,-122.40151231144495,-192.33042479893808,0.0001
546,-111.67811020324315,-192.38746355374826,0.0001
547,-106.36953092916254,-192.36000191677024,0.0001
548,-115.6977779284231,-192.41043129298023,0.0001
549,-132.97948495542877,-192.6873778466168,0.0001
550,-144.1776531847863,-192.95770558873687,0.0001
551,-115.13790639497059,-192.69919203714994,0.0001
552,-113.33490761873402,-192.81848344378682,0.0001
553,-132.9901101638858,-192.91781300424728,0.0001
554,-132.70331248690158,-193.08066802600715,0.0001
555,-109.23467941675383,-192.8536286481332,0.0001
556,-88.84984080185755,-192.91378203734365,0.0001
557,-111.92872997606578,-183.63984656139434,0.0001
558,-123.00651811134487,-178.81320635753386,0.0001
559,-110.65401642489238,-167.7773146795727,0.0001
560,-129.13953217701652,-158.45139225278362,0.0001
561,-87.4534402194346,-151.97761174820033,0.0001
562,-105.37563939853027,-142.3087532885125,0.0001
563,-91.58161526753494,-131.47716669968995,0.0001
564,-126.43066981259538,-127.21289997619975,0.0001
565,-131.95641380429964,-123.00938860054097,0.0001
566,-114.8981833715322,-116.21023753683745,0.0001
567,-97.45085628915118,-116.20417573234943,0.0001
568,-116.33736997347329,-116.21072266841675,0.0001
569,-101.9538600368085,-116.02391467269874,0.0001
570,-122.36660482053517,-116.02977811835274,0.0001
571,-97.85695891850852,-116.13992675925985,0.0001
572,-112.39524791304805,-116.33670958107373,0.0001
573,-119.60760359383156,-116.45087153794545,0.0001
574,-114.12071220209037,-116.48996240961941,0.0001
575,-103.23458382837804,-116.62953143541921,0.0001
576,-124.25212370931814,-116.80555838349704,0.0001
577,-102.29511817609787,-116.97251537244254,0.0001
578,-115.1210037311334,-116.71726717067452,0.0001
579,-108.88745951805444,-116.84828365109011,0.0001
580,-115.9578016397906,-116.68242095977726,0.0001
581,-145.079762939304,-116.97838465733027,0.0001
582,-88.9717487087758,-116.73921314401753,0.0001
583,-107.59569886434136,-116.82285739536631,0.0001
584,-99.83587766823757,-116.66244159777234,0.0001
585,-103.7905896338005,-116.30601535184476,0.0001
586,-96.99234022828868,-116.04569440612563,0.0001
587,-137.02373958380747,-115.84514862485939,0.0001
588,-116.5525211740536,-115.8834403657913,0.0001
589,-124.77987125208256,-116.0437118302304,0.0001
590,-124.24852501082489,-116.14822385217823,0.0001
591,-109.01803501758707,-116.12318345288594,0.0001
592,-121.72473215998104,-116.15733797126045,0.0001
593,-123.24467574239418,-116.06155216727511,0.0001
594,-131.0981914613738,-116.12044339561841,0.0001
595,-113.0925190093937,-116.11770288542091,0.0001
596,-115.82701494072806,-115.88599760079757,0.0001
597,-134.55183194420542,-116.2153872588262,0.0001
598,-127.3523111742293,-116.26686721695717,0.0001
599,-111.92849134463502,-116.17456149567879,0.0001
600,-108.41981609781863,-115.8386201694946,0.0001
601,-114.57799811252288,-115.63101125008266,0.0001
602,-128.3059502478391,-115.85814024107823,0.0001
603,-102.48981031069644,-115.55235459007454,0.0001
604,-124.2303192299184,-115.71223988420228,0.0001
605,-133.36349742224925,-116.08312433132019,0.0001
606,-112.32692459041823,-116.01597237298343,0.0001
607,-94.3261952617851,-115.88270838574631,0.0001
608,-89.80764932257873,-115.43770844610856,0.0001
609,-125.70494848706524,-115.43579882967842,0.0001
610,-97.00437604342565,-115.30865043340835,0.0001
611,-119.88800167938203,-115.3422715215772,0.0001
612,-115.43110059914316,-115.33766684646557,0.0001
613,-118.59005788519838,-115.24444032641354,0.0001
614,-117.5608711298413,-115.00713087607413,0.0001
615,-121.5165306699633,-115.14678957166262,0.0001
616,-111.4657511744005,-115.35914830032152,0.0001
617,-192.65705365466363,-116.18982725328729,0.0001
618,-101.67403126477464,-116.34066086654755,0.0001
619,-118.27011722771792,-116.50778712164471,0.0001
620,-119.89440707864776,-116.36607615240153,0.0001
621,-125.96628554381151,-116.52159552244223,0.0001
622,-100.38201270596315,-116.28704734262001,0.0001
623,-112.00035926353686,-115.89398119755606,0.0001
624,-111.96357719772436,-115.70526657671812,0.0001
625,-122.59816200469089,-115.97772459445724,0.0001
626,-122.52728794540323,-115.97696747471063,0.0001
627,-145.88475561326658,-116.19836170996355,0.0001
628,-100.33200019318083,-115.81788177421717,0.0001
629,-136.49868059443017,-116.1687767607085,0.0001
630,-83.63031553493337,-115.7541220782563,0.0001
631,-119.16356415231076,-115.8196474877257,0.0001
632,-126.5566455311098,-115.80751431745037,0.0001
633,-133.68022186417448,-116.11162504027325,0.0001
634,-115.10247535663446,-116.00723914980298,0.0001
635,-127.67380890758832,-116.09843675418642,0.0001
636,-100.86019250808737,-116.05398392037506,0.0001
637,-107.67889122940814,-115.95637265750503,0.0001
638,-132.35265319092883,-116.1647879267863,0.0001
639,-119.54560780238222,-116.27051861030876,0.0001
640,-110.66277228719329,-116.13970222097625,0.0001
641,-115.20246122647407,-116.2445753108713,0.0001
642,-113.82803699396248,-116.49749750451541,0.0001
643,-126.12753464861245,-116.33617112608887,0.0001
644,-116.5576814158523,-116.36806758368812,0.0001
645,-127.7085239339032,-116.42113769991269,0.0001
646,-102.023347362676,-116.32459007150703,0.0001
647,-130.10412708878312,-116.56193603310322,0.0001
648,-171.82752610532825,-117.1232335148723,0.0001
649,-126.27990910951775,-117.05623775641317,0.0001
650,-112.2308815728316,-116.73677004029364,0.0001
651,-142.1556773341202,-117.00694774968511,0.0001
652,-123.76719929685666,-117.11127066646637,0.0001
653,-115.42435535458739,-116.93561311837338,0.0001
654,-118.77489070205806,-116.79632890052493,0.0001
655,-113.54972224682216,-116.83947932882562,0.0001
656,-109.18337739096467,-117.04281469471667,0.0001
657,-120.4983801949555,-117.12851119690556,0.0001
658,-106.54658842346552,-116.96391190002677,0.0001
659,-110.71579021675524,-116.9645296379454,0.0001
660,-117.17209893455458,-116.84485530552078,0.0001
661,-153.70528880608117,-117.50737379138724,0.0001
662,-89.04737054975578,-117.3440911028995,0.0001
663,-153.40296738266284,-117.96230462405077,0.0001
664,-108.29880837772339,-117.78098600970206,0.0001
665,-113.29258208557555,-117.59434769251486,0.0001
666,-101.40904050316117,-117.45945626383113,0.0001
667,-113.52463917135319,-117.62019409265316,0.0001
668,-119.2566966099202,-117.64938735901764,0.0001
669,-87.86346795128046,-117.50848343816234,0.0001
670,-125.5037864060565,-117.53985525401755,0.0001
671,-138.84299224130663,-117.94971558724554,0.0001
672,-106.58027576814894,-117.89156586579652,0.0001
673,-118.42617824721557,-117.87975161233038,0.0001
674,-124.4310620307704,-117.98285511061717,0.0001
675,-127.61749216488687,-118.22668419398225,0.0001
676,-101.43022971867808,-117.99846525407585,0.0001
677,-112.74219402707615,-118.10293601258564,0.0001
678,-125.84565886714559,-118.21018256394576,0.0001
679,-106.96754087989567,-118.1909833775642,0.0001
680,-121.55861869563344,-118.24699154812261,0.0001
681,-118.00999712616854,-117.97629388999125,0.0001
682,-103.71946979243864,-118.1237711008279,0.0001
683,-145.24402382729784,-118.50025435045744,0.0001
684,-124.21986055013113,-118.74409417927637,0.0001
685,-144.69860184014945,-119.15317430133987,0.0001
686,-145.6394010699933,-119.63964490975691,0.0001
687,-115.33683501033485,-119.42277586402219,0.0001
688,-119.64328519977703,-119.45368350427945,0.0001
689,-108.64153950205416,-119.29230018677916,0.0001
690,-119.18932612570195,-119.24170819792795,0.0001
691,-91.06561585947682,-119.06218400634684,0.0001
692,-126.6441322136809,-119.11137800688383,0.0001
693,-130.50554485695682,-119.18398669802947,0.0001
694,-93.25826875131257,-118.80558747092884,0.0001
695,-113.7272836478645,-118.81193511731355,0.0001
696,-115.01693973714706,-118.80383436527772,0.0001
697,-115.25131771616269,-118.61082922299731,0.0001
698,-125.69444031345105,-118.59425051438951,0.0001
699,-127.4585458559384,-118.74955105950254,0.0001
700,-134.56977271093365,-119.01105062563369,0.0001
701,-91.34996456475075,-118.77877029015598,0.0001
702,-115.63337158699119,-118.65204450354753,0.0001
703,-134.61993306352105,-118.97334573107577,0.0001
704,-125.67087670039115,-118.98775130578049,0.0001
705,-102.25602972315373,-118.67667662878952,0.0001
706,-139.59288682398264,-118.94933625112517,0.0001
707,-114.92505812237005,-119.15532487973101,0.0001
708,-113.94747803018105,-119.39672316680702,0.0001
709,-105.5010707661965,-119.19468438959834,0.0001
710,-101.96230643082762,-119.24426369347235,0.0001
711,-127.02854805323629,-119.3156691572109,0.0001
712,-107.34424090441985,-119.23480056026368,0.0001
713,-104.79710910303628,-119.09687107244204,0.0001
714,-122.42142882686412,-119.14547664941229,0.0001
715,-113.88814676098266,-119.06919281032248,0.0001
716,-135.733898424023,-119.31187428281872,0.0001
717,-112.95441889373268,-118.5148479352094,0.0001
718,-131.62381244700765,-118.81434574703171,0.0001
719,-107.49754385815041,-118.70662001333604,0.0001
720,-112.63912600467668,-118.63406720259633,0.0001
721,-150.00252296001815,-118.87442957675839,0.0001
722,-116.95418482867393,-119.04015129798549,0.0001
723,-126.87112619748198,-119.18885896732496,0.0001
724,-116.7495865317832,-119.23671906066555,0.0001
725,-113.11983203800008,-119.14193576099863,0.0001
726,-124.18854001203421,-119.15854828166495,0.0001
727,-112.68231787928846,-118.82652390432519,0.0001
728,-104.61293934207677,-118.86933329581412,0.0001
729,-116.58138174909946,-118.67016030736082,0.0001
730,-110.81525244883487,-118.94200967649984,0.0001
731,-103.63528433073103,-118.78672687828403,0.0001
732,-130.0844208044091,-118.82200463101702,0.0001
733,-104.54320703641618,-118.53063448273944,0.0001
734,-113.42704653558056,-118.51388019452892,0.0001
735,-116.28730774566739,-118.40001518290973,0.0001
736,-91.57651978929357,-118.30717845572178,0.0001
737,-127.51976305885141,-118.50558717401621,0.0001
738,-99.52065496618606,-118.17726719176876,0.0001
739,-107.59144629436607,-118.05772557668863,0.0001
740,-85.863501024974,-117.80973286406643,0.0001
741,-121.4695478134894,-117.87240372993656,0.0001
742,-116.32678893842484,-117.89739124938119,0.0001
743,-103.63775818556934,-117.67249348475076,0.0001
744,-85.84745248644307,-117.36539119545665,0.0001
745,-102.1317048119133,-117.10962300423675,0.0001
746,-130.3677126609431,-117.39306665721944,0.0001
747,-112.31210652601301,-117.21514645159174,0.0001
748,-119.54624571092447,-116.6923336476477,0.0001
749,-121.10570464062539,-116.64059160295879,0.0001
750,-133.8430798248897,-116.85671358547937,0.0001
751,-109.11939030913554,-116.52635071522951,0.0001
752,-104.86600466730835,-116.33733876893405,0.0001
753,-101.11026398519067,-116.19419785524005,0.0001
754,-129.68444076836408,-116.30329335590314,0.0001
755,-120.14109278415646,-116.36920706127647,0.0001
756,-136.35443960937275,-116.64091768346056,0.0001
757,-142.09504887832793,-116.85688437029427,0.0001
758,-144.91380268078086,-117.24055651286743,0.0001
759,-119.83626654689805,-117.33176127616885,0.0001
760,-92.28462730343945,-117.08288655985768,0.0001
761,-100.40479378604864,-116.54988160965739,0.0001
762,-115.47729019479868,-116.8141808061078,0.0001
763,-101.3388989086253,-116.29354012136744,0.0001
764,-112.81093290271748,-116.33866136661736,0.0001
765,-119.60974837252297,-116.40183302948684,0.0001
766,-119.11581614758761,-116.57890078593111,0.0001
767,-84.30176207818161,-116.28667201499938,0.0001
768,-109.85149805822033,-116.19262002948238,0.0001
769,-143.92517812627995,-116.75323713123238,0.0001
770,-124.6332922889947,-116.74453219006175,0.0001
771,-154.61663537243695,-116.90226862137305,0.0001
772,-108.63444687812122,-116.92281033247278,0.0001
773,-101.88716533330684,-116.75742020333368,0.0001
774,-122.61861248717285,-116.73929570789772,0.0001
775,-125.76701824298175,-116.72079096867868,0.0001
776,-123.25414788458787,-116.93903015033777,0.0001
777,-119.09453018298456,-117.00255351189688,0.0001
778,-113.7971978202178,-116.88206890142762,0.0001
779,-128.1175613589515,-117.09356910621817,0.0001
780,-143.6827150170099,-117.31481006943191,0.0001
781,-115.30976764719163,-117.28780777464215,0.0001
782,-107.67072854586802,-117.32732036217644,0.0001
783,-114.96771039516022,-117.02455722785506,0.0001
784,-106.92738435201734,-116.85163246587393,0.0001
785,-104.56573974070558,-116.45030384487947,0.0001
786,-106.72579704332934,-116.06116780461284,0.0001
787,-120.51003399773444,-116.11289979448684,0.0001
788,-133.4714913803581,-116.25118185629266,0.0001
789,-113.56653123152371,-116.30043177358735,0.0001
790,-120.37047230086532,-116.31224323533897,0.0001
791,-135.2097651077124,-116.75368472782135,0.0001
792,-99.48631861840227,-116.48210659186856,0.0001
793,-97.35317202975276,-116.15058286359653,0.0001
794,-117.41501079131305,-116.39215028399653,0.0001
795,-140.03570244988163,-116.65523447201669,0.0001
796,-123.91836483866429,-116.74424872303184,0.0001
797,-137.19871218706888,-116.96372266774092,0.0001
798,-143.07527451913677,-117.13753100979777,0.0001
799,-119.17631089559845,-117.05470866019438,0.0001
800,-129.5412996982223,-117.00442393006728,0.0001
801,-112.2877825120446,-117.21380210954021,0.0001
802,-118.09317420475949,-117.2384001357179,0.0001
803,-118.4810044060837,-117.07701084914352,0.0001
804,-117.14251008376743,-116.99172718297727,0.0001
805,-122.57461636977757,-117.1949130494435,0.0001
806,-101.65217426698322,-116.81550592387352,0.0001
807,-162.8652496039956,-117.29490783868977,0.0001
808,-115.13580222877411,-117.30679108067571,0.0001
809,-105.6977474263548,-117.30875784727728,0.0001
810,-105.74835990042732,-117.34661838197331,0.0001
811,-130.0398977166182,-117.37673187860712,0.0001
812,-109.69610389099476,-117.40025050847284,0.0001
813,-137.26810477141413,-117.72496046515664,0.0001
814,-105.97331123275592,-117.56047928921552,0.0001
815,-127.46587544173485,-117.69625657602305,0.0001
816,-119.14466865348982,-117.53036427831772,0.0001
817,-114.05118509640147,-117.5413319403444,0.0001
818,-127.52541114735854,-117.50034792734792,0.0001
819,-118.68393855556954,-117.61221187432211,0.0001
820,-128.01076266341897,-117.76592824090956,0.0001
821,-110.29682975805996,-117.36887130888994,0.0001
822,-110.16580374450638,-117.30098749804829,0.0001
823,-120.61924651324895,-117.23846870120595,0.0001
824,-126.4091334659059,-117.33506417054717,0.0001
825,-115.38795007833674,-117.35774535095055,0.0001
826,-140.4009867818028,-117.51986981864822,0.0001
827,-145.14855661287103,-117.84453220598405,0.0001
828,-103.87009752897708,-117.83710378785305,0.0001
829,-110.5119509154002,-117.77640947951608,0.0001
830,-125.77053335318448,-117.92596228855959,0.0001
831,-115.58951511727804,-118.04550459642505,0.0001
832,-99.84885851591764,-117.74314897354014,0.0001
833,-110.19180998462956,-117.79963500302227,0.0001
834,-136.1166094770597,-118.02653063243703,0.0001
835,-150.08712012915788,-118.36452875627195,0.0001
836,-134.06798290119661,-118.78944338739099,0.0001
837,-149.13397126044262,-119.00558546940688,0.0001
838,-137.26233931046153,-119.38300231284965,0.0001
839,-111.4232861870276,-119.42132071177627,0.0001
840,-97.63042871354129,-119.53898998866194,0.0001
841,-121.97906337733193,-119.54408514430037,0.0001
842,-120.58987951772922,-119.58671605009341,0.0001
843,-115.96286040878547,-119.70996707232557,0.0001
844,-125.51995602842501,-120.10669210774539,0.0001
845,-116.01473753396313,-120.24552243496588,0.0001
846,-120.90592276887325,-120.1509045360452,0.0001
847,-114.13897638924934,-120.16917323467756,0.0001
848,-109.59860185751572,-120.06969679614348,0.0001
849,-126.5511841718264,-120.1241515914555,0.0001
850,-120.85113356193234,-119.99423212882591,0.0001
851,-134.0757246565036,-120.24379547229961,0.0001
852,-95.88284905227883,-120.15396391614931,0.0001
853,-123.65958071174452,-120.37945708341485,0.0001
854,-126.70379846348402,-120.34965066036607,0.0001
855,-102.73379031246006,-120.17557763564909,0.0001
856,-119.98684883574566,-120.01190172791281,0.0001
857,-107.73345899170324,-119.66828582904657,0.0001
858,-120.16963348316654,-119.42084413707042,0.0001
859,-112.35836177670748,-119.3460650893685,0.0001
860,-127.39329950320774,-119.69715181136617,0.0001
861,-123.5430361754693,-119.9285342352604,0.0001
862,-103.77345329259605,-119.81149586623835,0.0001
863,-109.5910664727957,-119.89401754188007,0.0001
864,-134.3559698319445,-120.10946791117235,0.0001
865,-129.8328919310484,-120.21169934675758,0.0001
866,-120.8405849779,-120.22894703506071,0.0001
867,-108.27018341595095,-120.4686312484384,0.0001
868,-102.33167873403204,-120.39343305519652,0.0001
869,-118.00153254701318,-120.13419659940386,0.0001
870,-124.34278389904188,-120.13129151550434,0.0001
871,-92.21451677440305,-119.507270329524,0.0001
872,-139.51553471487352,-119.81608120789154,0.0001
873,-103.41545189792576,-119.8313640735377,0.0001
874,-88.23946829661325,-119.48757263163212,0.0001
875,-104.75381047172725,-119.27744055391958,0.0001
876,-106.11471938373907,-119.10604626891109,0.0001
877,-92.61914433164856,-118.84129241039771,0.0001
878,-136.11294766367905,-119.06444990883234,0.0001
879,-91.82664084941611,-118.701540703737,0.0001
880,-114.32833932311905,-118.40799694679811,0.0001
881,-103.94551824540841,-118.29435445278024,0.0001
882,-102.71923080211893,-118.24483947534274,0.0001
883,-135.09870459729538,-118.4461494173641,0.0001
884,-107.76549254773094,-118.45453049932122,0.0001
885,-94.75016083817079,-118.35637471029588,0.0001
886,-150.89169807210322,-118.79803372058363,0.0001
887,-104.89173890114176,-118.64185076961769,0.0001
888,-117.40507744547791,-118.48118663026888,0.0001
889,-99.59357714903393,-118.34145708944398,0.0001
890,-116.96349582170348,-118.30738732465235,0.0001
891,-115.5339383671248,-118.1106290572465,0.0001
892,-127.78229516905223,-118.393588822753,0.0001
893,-108.75281964409427,-118.50758529889642,0.0001
894,-133.18660480411836,-118.66530123902449,0.0001
895,-124.52891103854678,-118.51023332491116,0.0001
896,-102.27573817435388,-118.29380705826804,0.0001
897,-135.72646413887415,-118.2790845777861,0.0001
898,-160.42196889136483,-118.45255152150838,0.0001
899,-130.31681738669053,-118.56395658641928,0.0001
900,-118.64583971172996,-118.45500198655436,0.0001
901,-134.91416144955915,-118.68126577592949,0.0001
902,-111.20233519201338,-118.61235738580203,0.0001
903,-107.21467767928893,-118.49969411853408,0.0001
904,-139.26809226263867,-118.72094994032281,0.0001
905,-95.29745258700144,-118.44817830249505,0.0001
906,-118.31182883246984,-118.6147748481499,0.0001
907,-90.21862375410038,-117.88830858965098,0.0001
908,-115.65101892459387,-117.89346075660914,0.0001
909,-124.4805877456618,-118.08128915980224,0.0001
910,-88.36510759274506,-117.90745663672541,0.0001
911,-116.8137212815552,-117.77519487237475,0.0001
912,-108.1280319440811,-117.75951415290561,0.0001
913,-105.54364542882163,-117.4422695594797,0.0001
914,-117.01307232127013,-117.55266717036483,0.0001
915,-129.64577074458242,-117.57446612339332,0.0001
916,-112.89091496626847,-117.5119285865211,0.0001
917,-119.57108508590777,-117.56712758641619,0.0001
918,-120.66391036133413,-117.49851257855593,0.0001
919,-109.62693694447672,-117.40794256244503,0.0001
920,-126.75347167687418,-117.39536965257957,0.0001
921,-106.46680622628423,-117.35706941726181,0.0001
922,-84.72852266265832,-117.10269660644333,0.0001
923,-134.081969167755,-117.23732383298841,0.0001
924,-126.58793509750633,-117.23911184930441,0.0001
925,-99.58520978956646,-117.08108444641668,0.0001
926,-115.36608768257919,-116.83073545542446,0.0001
927,-97.268154807686,-116.35193143737258,0.0001
928,-112.57266165225215,-116.43895707860533,0.0001
929,-123.42364194001865,-116.56807398885152,0.0001
930,-115.97016864868317,-116.47007034180649,0.0001
931,-113.99578224725072,-116.45413301310622,0.0001
932,-123.02918005756807,-116.68593622852273,0.0001
933,-96.6803183373735,-116.55082131205019,0.0001
934,-166.85432924283694,-116.85819850970796,0.0001
935,-345.8986342564708,-118.8163136509811,0.0001
936,-119.11121200177259,-118.66674594198686,0.0001
937,-394.19182925793615,-121.1173245219618,0.0001
938,-356.9927777653628,-123.3146289065108,0.0001
939,-294.17502557941157,-125.14214630043463,0.0001
940,-264.2066830774987,-126.8079088440742,0.0001
941,-181.72436459018132,-127.40536185620273,0.0001
942,-135.28226441544393,-127.55228570517987,0.0001
943,-159.48503397908652,-127.98750744088285,0.0001
944,-305.38471604080604,-129.78615504100668,0.0001
945,-284.7932901286649,-131.47394056695367,0.0001
946,-308.0231301307926,-133.34511264057286,0.0001
947,-292.69856567506633,-135.13070853343103,0.0001
948,-261.1629456187696,-136.64635197104357,0.0001
949,-256.4063244083472,-137.94490337340878,0.0001
950,-302.71586671239913,-139.76355070491346,0.0001
951,-258.6980077163803,-141.0097735355122,0.0001
952,-254.4625056018043,-142.5955701010075,0.0001
953,-303.9467213236294,-144.39844150712636,0.0001
954,-374.6750896890267,-146.87815441938176,0.0001
955,-256.4910953611983,-148.41572746986915,0.0001
956,-193.74325259819904,-149.15329150749366,0.0001
957,-371.73310638366036,-151.79328798141324,0.0001
958,-360.71163392442907,-154.19870798582588,0.0001
959,-178.41902283189256,-154.85931459637774,0.0001
960,-310.14010664021896,-156.68678266774785,0.0001
961,-131.94624535180122,-156.77081475951115,0.0001
962,-262.9262979055099,-158.3623432056403,0.0001
963,-190.1416148237903,-159.16784868915022,0.0001
964,-217.71720193654687,-160.00146101019624,0.0001
965,-280.6339105757022,-161.50947119664278,0.0001
966,-270.34282730863663,-163.00449361995013,0.0001
967,-283.48794261679404,-164.7566712119586,0.0001
968,-303.25018597369467,-166.7658562843552,0.0001
969,-235.51061901592925,-167.94094714904438,0.0001
970,-279.93406468257626,-169.49685995687972,0.0001
971,-354.1665582097738,-172.11638037123342,0.0001
972,-190.1696392365769,-172.62292141645048,0.0001
973,-316.48690711952906,-174.7536359686665,0.0001
974,-137.87094571415838,-175.24995074284195,0.0001
975,-251.9400994702542,-176.7218136328272,0.0001
976,-231.36598966676016,-177.97432633565742,0.0001
977,-314.7459773409014,-180.19559466574995,0.0001
978,-232.11495880540318,-181.15561477716722,0.0001
979,-244.74498192717388,-182.6847981879448,0.0001
980,-260.63328721754294,-184.14784766688908,0.0001
981,-180.16399039476937,-184.91003238838263,0.0001
982,-256.0470832312187,-186.44331091267367,0.0001
983,-222.6954061104987,-187.31927792780567,0.0001
984,-189.67067957548318,-188.13832979808322,0.0001
985,-257.4192073785123,-189.76502026348666,0.0001
986,-219.70924333131586,-190.45319571607874,0.0001
987,-266.70652395583386,-192.07134356662561,0.0001
988,-157.6597803697015,-192.47389059586786,0.0001
989,-139.27744249273843,-192.8707292493049,0.0001
990,-216.88185851463237,-193.8699128762342,0.0001
991,-107.18636932568573,-193.78643718581978,0.0001
992,-307.78795223947816,-195.5864937565241,0.0001
993,-166.61194444502647,-196.16508500453344,0.0001
994,-185.11797635534407,-196.6843987200457,0.0001
995,-236.4328584222616,-197.80343819388278,0.0001
996,-290.7549664720186,-199.68823047685947,0.0001
997,-208.7050145649656,-200.41801598112033,0.0001
998,-342.81185001222224,-202.24191479232888,0.0001
999,-168.81356459600107,-202.62688226442205,0.0001
1000,-158.0286593861303,-203.0207104611661,0.0001
1001,-277.886580058935,-204.45043464725984,0.0001
1002,-229.35302991351895,-205.6319415944749,0.0001
1003,-112.48312055713548,-205.68462602325337,0.0001
1004,-273.25013532817303,-207.02444645390867,0.0001
1005,-262.953267895247,-208.70100460699115,0.0001
1006,-164.15308899968613,-209.15941720866329,0.0001
1007,-219.14335282967937,-210.4486644994191,0.0001
1008,-218.71852976904432,-211.4793396078636,0.0001
1009,-302.08296380029725,-213.25536336841,0.0001
1010,-233.812335867062,-214.70983565115316,0.0001
1011,-230.4566642896614,-215.84626508123424,0.0001
1012,-113.47379038267464,-215.89972266562015,0.0001
1013,-173.63748965135738,-216.58066110784551,0.0001
1014,-145.68821602032597,-216.86741254483607,0.0001
1015,-178.44565382430986,-217.35541137563337,0.0001
1016,-181.32292918710334,-218.0397315178417,0.0001
1017,-217.9379975153475,-219.02340064213604,0.0001
1018,-216.68652279945502,-219.98362676651726,0.0001
1019,-148.14254918499927,-220.3687828889225,0.0001
1020,-195.21756132395177,-221.05342378539328,0.0001
1021,-231.8330755204182,-222.3070864783346,0.0001
1022,-206.1611778577289,-223.5214130302853,0.0001
1023,-204.00176007298376,-224.2206109393376,0.0001
1024,-110.51152206026899,-224.05984680896523,0.0001
1025,-208.49247504207977,-225.14891946149032,0.0001
1026,-220.97386839612716,-226.20499726862582,0.0001
1027,-171.24029234953127,-226.94471864404426,0.0001
1028,-152.6814369548289,-227.34580639707008,0.0001
1029,-53.440256138034634,-226.6459725390502,0.0001
1030,-271.9072100361776,-228.20534295292518,0.0001
1031,-118.42021964711418,-228.2495873269238,0.0001
1032,-111.9862672075015,-228.13915819842313,0.0001
1033,-180.28394207680694,-228.97519443581746,0.0001
1034,-182.96446866286726,-229.13629583001776,0.0001
1035,-269.3729583100909,-228.371039070554,0.0001
1036,-218.99414846581675,-229.3698684351944,0.0001
1037,-182.88024140205036,-227.25675255663555,0.0001
1038,-230.9926652091723,-225.99675143107362,0.0001
1039,-133.14424583042324,-224.38644363358372,0.0001
1040,-153.90541224294384,-223.28343092523818,0.0001
1041,-165.3520557301722,-223.11970783663813,0.0001
1042,-229.79440939686054,-224.06482928645227,0.0001
1043,-128.29144818645688,-223.752893428526,0.0001
1044,-178.12223674016417,-222.48026863551956,0.0001
1045,-182.7327491537121,-221.45966322577004,0.0001
1046,-229.61459283161133,-220.6755778527782,0.0001
1047,-243.65425745026835,-220.18513477053023,0.0001
1048,-182.2192229334089,-219.39569754367662,0.0001
1049,-293.75577004747595,-219.76919200006793,0.0001
1050,-154.71781489827416,-218.28921148192669,0.0001
1051,-134.04603839089742,-217.04269178867187,0.0001
1052,-177.85916721070538,-216.2766584047609,0.0001
1053,-187.90763524234913,-215.11626754394808,0.0001
1054,-140.65593584876757,-212.77607600554552,0.0001
1055,-146.234133511547,-211.67350638704897,0.0001
1056,-164.94310016136512,-211.38550486268065,0.0001
1057,-268.05402206139604,-210.348714019458,0.0001
1058,-207.00497369051942,-208.81164741711885,0.0001
1059,-138.7177697812872,-208.41463488661284,0.0001
1060,-213.22575172855704,-207.4454913374962,0.0001
1061,-154.5029937830627,-207.67105882180883,0.0001
1062,-181.68039098410694,-206.85859975259478,0.0001
1063,-195.23647780293567,-206.90954838238628,0.0001
1064,-160.9827203734365,-206.34220356675513,0.0001
1065,-261.6656152334416,-206.1525206133325,0.0001
1066,-144.36238083856662,-204.89271614863182,0.0001
1067,-222.33692770730488,-204.2812059995369,0.0001
1068,-113.62118585523422,-202.3849159983523,0.0001
1069,-260.75405476449305,-202.63735035583795,0.0001
1070,-142.7720532019206,-201.26573024103138,0.0001
1071,-183.25701372776336,-199.55663479621126,0.0001
1072,-153.5531402829199,-199.19046980667466,0.0001
1073,-139.87584109725535,-197.42435914645196,0.0001
1074,-244.24398471240355,-198.48808953643442,0.0001
1075,-219.66490547182931,-198.1653375964502,0.0001
1076,-145.5885790574187,-197.30756349035676,0.0001
1077,-48.56892703871051,-194.6457929873349,0.0001
1078,-169.49364092606285,-194.0195798085415,0.0001
1079,-60.92348090897383,-192.18136479835945,0.0001
1080,-153.78723870382146,-191.11290431322223,0.0001
1081,-203.46865320341823,-191.34595094130873,0.0001
1082,-137.30053792728754,-190.1584854882694,0.0001
1083,-198.59237310215912,-189.91745515818602,0.0001
1084,-125.24946305672765,-189.27324299299846,0.0001
1085,-127.1441100104217,-187.97049201931753,0.0001
1086,-259.12452185789533,-188.36464480458332,0.0001
1087,-154.60185592724497,-187.24359812429745,0.0001
1088,-190.65892437622074,-187.57358956436266,0.0001
1089,-184.77635045183598,-188.02857864395367,0.0001
1090,-149.112993909226,-187.35088999789957,0.0001
1091,-147.59936845062361,-187.75501998914896,0.0001
1092,-110.04170927601625,-185.77755755951432,0.0001
1093,-143.27012769332407,-185.54413939199733,0.0001
1094,-79.29958223218108,-184.48595545076572,0.0001
1095,-103.24736173118751,-183.154100483855,0.0001
1096,-47.26827177142822,-180.71923353684906,0.0001
1097,-52.50604401479219,-179.15724383134736,0.0001
1098,-126.8549381389638,-176.99767471261475,0.0001
1099,-163.2745982249663,-176.9422850489044,0.0001
1100,-105.28268111585619,-176.41482526620163,0.0001
1101,-55.617456217162,-174.1921340277839,0.0001
1102,-75.78997271379575,-172.65650345578666,0.0001
1103,-132.3569244869551,-172.8552414950849,0.0001
1104,-51.99554259117075,-170.64269556771484,0.0001
1105,-103.23607294606931,-169.0455236182231,0.0001
1106,-161.27616602416603,-169.0167543884679,0.0001
1107,-84.7312822800621,-167.67263368297176,0.0001
1108,-86.60451237326157,-166.3514935090139,0.0001
1109,-108.16305672828055,-164.4122944382937,0.0001
1110,127.51015966536482,-160.79906948296946,0.0001
1111,-26.528031226665654,-158.7597831523395,0.0001
1112,-35.904850307346386,-157.98409375158622,0.0001
1113,-128.70704983581493,-157.5347893534308,0.0001
1114,-212.3798614844237,-158.20170580807178,0.0001
1115,-141.9224891955592,-157.83647416178428,0.0001
1116,-77.05040746848249,-156.79374894459806,0.0001
1117,-63.00316586755044,-155.2444006281201,0.0001
1118,-131.5510580784726,-154.39304598091027,0.0001
1119,-65.60443044253147,-153.5676647934856,0.0001
1120,-150.94602210914485,-153.12494940133752,0.0001
1121,-124.72831296705237,-152.05390177580384,0.0001
1122,-90.00562732770456,-150.8923462705036,0.0001
1123,-72.662796665307,-149.57895663642682,0.0001
1124,-71.113175271768,-149.18497316854183,0.0001
1125,-34.685865192730446,-147.44690707004833,0.0001
1126,-45.14224651426151,-145.6885908512297,0.0001
1127,-89.25469847659859,-144.86873491250034,0.0001
1128,-54.66736876888687,-143.88859423064093,0.0001
1129,-102.176772330865,-144.37595939256923,0.0001
1130,-1.1283678408231026,-141.6681709706157,0.0001
1131,-0.2595743389677784,-140.48656451753425,0.0001
1132,-75.50698553950383,-140.12177170085425,0.0001
1133,-70.36640006976447,-139.02259628078383,0.0001
1134,-78.73541055186541,-137.9803056996738,0.0001
1135,-118.09262464657772,-136.46750236303868,0.0001
1136,-40.905297712412406,-134.68661385550462,0.0001
1137,-92.87386948277884,-133.78655013631192,0.0001
1138,-65.90855581290539,-132.13570904234922,0.0001
1139,-100.35574976432169,-131.8078240816882,0.0001
1140,-73.03267844605112,-130.9990967437193,0.0001
1141,-114.19351942258885,-130.48751138064344,0.0001
1142,-89.89162648121165,-129.08848355148697,0.0001
1143,-40.24287332395731,-128.20799780286197,0.0001
1144,-99.95687037446983,-127.42634413920504,0.0001
1145,-61.09409519597689,-126.2099575996277,0.0001
1146,-63.39468428967057,-124.54775851420828,0.0001
1147,-131.54287521099172,-123.42664469181551,0.0001
1148,-69.5341204730652,-122.29979366721207,0.0001
1149,-57.72447873539018,-119.93948075409122,0.0001
1150,-98.79155545080253,-119.38021815961649,0.0001
1151,-103.49256254393813,-119.07468340114688,0.0001
1152,-51.037603067936274,-117.80646775971921,0.0001
1153,-101.06676910472689,-116.938059098343,0.0001
1154,-86.5057528677027,-116.39655726853236,0.0001
1155,-29.448951113435733,-115.22870544455125,0.0001
1156,-11.976530636232447,-113.69903974929991,0.0001
1157,-48.77088393433354,-111.5062083680293,0.0001
1158,-55.72991649940747,-109.99345779611818,0.0001
1159,-106.60540993889356,-109.67233419769425,0.0001
1160,-114.99747156111363,-108.69005139601978,0.0001
1161,-63.8717367919856,-107.78373882610902,0.0001
1162,-79.3281678116655,-106.76021659438459,0.0001
1163,-21.903826141862936,-105.02689007777388,0.0001
1164,-36.92713819704221,-103.78633425600992,0.0001
1165,-35.85585060976858,-101.52823660977322,0.0001
1166,-92.13197402883658,-101.0059325416759,0.0001
1167,-76.97794919628114,-99.55234275656568,0.0001
1168,-31.378930274785738,-98.72992020076119,0.0001
1169,151.51948314741168,-94.60718482164215,0.0001
1170,-57.094005174694,-93.7504043413699,0.0001
1171,-50.340025137902124,-92.42123445547129,0.0001
1172,-97.34359172733056,-91.8591389699154,0.0001
1173,-102.23414659836217,-91.48272202492646,0.0001
1174,-79.40202376365097,-89.83430241543893,0.0001
1175,-111.5724803642525,-88.75337816436314,0.0001
1176,-87.57347087193475,-88.17322708250833,0.0001
1177,-104.94898866064531,-88.73702769872767,0.0001
1178,-89.89094039576115,-87.94100069342466,0.0001
1179,-52.982558593965805,-87.86159147027456,0.0001
1180,-54.728020373709015,-86.87099928697342,0.0001
1181,-42.46919066717677,-85.26100466161098,0.0001
1182,-154.16770790659677,-85.42967636140409,0.0001
1183,-10.450797555751912,-83.54826060594004,0.0001
1184,-106.47791790439396,-83.3605451544167,0.0001
1185,-131.27966724701744,-83.40190072678266,0.0001
1186,-77.75444942354531,-81.58820000243917,0.0001
1187,-83.74627647989425,-80.87964420796565,0.0001
1188,-68.5030364988404,-79.65808532919185,0.0001
1189,-73.36656697930533,-78.54398749446655,0.0001
1190,-90.84093806659962,-77.96126693604027,0.0001
1191,-57.96080909591411,-77.0648813424932,0.0001
1192,-55.520218051775856,-76.51966643025078,0.0001
1193,-153.5580592680293,-76.62254574599783,0.0001
1194,-80.70870218521692,-76.6366369455282,0.0001
1195,-45.64199750804911,-76.0605833032968,0.0001
1196,-88.7736591404632,-76.47563717698714,0.0001
1197,-73.81873911018695,-76.6887641279411,0.0001
1198,11.728087688396364,-75.3029338696675,0.0001
1199,-9.365813886949411,-73.76384602628733,0.0001
1200,7.45911072227997,-72.63642810790597,0.0001
